#ifndef LITEOS_CONSOLE_FONT_A8_H
#define LITEOS_CONSOLE_FONT_A8_H

#include <stdint.h>

#define LITEOS_CONSOLE_FONT_WIDTH 12U
#define LITEOS_CONSOLE_FONT_HEIGHT 24U
#define LITEOS_CONSOLE_FONT_FIRST 0x20U
#define LITEOS_CONSOLE_FONT_LAST 0x7EU

static const uint8_t g_liteos_console_font_a8[95][288] = {
    {
        0x00, 0x00, 0x00, 0x00, 0x00, 0x00, 0x00, 0x00, 0x00, 0x00, 0x00, 0x00,
        0x00, 0x00, 0x00, 0x00, 0x00, 0x00, 0x00, 0x00, 0x00, 0x00, 0x00, 0x00,
        0x00, 0x00, 0x00, 0x00, 0x00, 0x00, 0x00, 0x00, 0x00, 0x00, 0x00, 0x00,
        0x00, 0x00, 0x00, 0x00, 0x00, 0x00, 0x00, 0x00, 0x00, 0x00, 0x00, 0x00,
        0x00, 0x00, 0x00, 0x00, 0x00, 0x00, 0x00, 0x00, 0x00, 0x00, 0x00, 0x00,
        0x00, 0x00, 0x00, 0x00, 0x00, 0x00, 0x00, 0x00, 0x00, 0x00, 0x00, 0x00,
        0x00, 0x00, 0x00, 0x00, 0x00, 0x00, 0x00, 0x00, 0x00, 0x00, 0x00, 0x00,
        0x00, 0x00, 0x00, 0x00, 0x00, 0x00, 0x00, 0x00, 0x00, 0x00, 0x00, 0x00,
        0x00, 0x00, 0x00, 0x00, 0x00, 0x00, 0x00, 0x00, 0x00, 0x00, 0x00, 0x00,
        0x00, 0x00, 0x00, 0x00, 0x00, 0x00, 0x00, 0x00, 0x00, 0x00, 0x00, 0x00,
        0x00, 0x00, 0x00, 0x00, 0x00, 0x00, 0x00, 0x00, 0x00, 0x00, 0x00, 0x00,
        0x00, 0x00, 0x00, 0x00, 0x00, 0x00, 0x00, 0x00, 0x00, 0x00, 0x00, 0x00,
        0x00, 0x00, 0x00, 0x00, 0x00, 0x00, 0x00, 0x00, 0x00, 0x00, 0x00, 0x00,
        0x00, 0x00, 0x00, 0x00, 0x00, 0x00, 0x00, 0x00, 0x00, 0x00, 0x00, 0x00,
        0x00, 0x00, 0x00, 0x00, 0x00, 0x00, 0x00, 0x00, 0x00, 0x00, 0x00, 0x00,
        0x00, 0x00, 0x00, 0x00, 0x00, 0x00, 0x00, 0x00, 0x00, 0x00, 0x00, 0x00,
        0x00, 0x00, 0x00, 0x00, 0x00, 0x00, 0x00, 0x00, 0x00, 0x00, 0x00, 0x00,
        0x00, 0x00, 0x00, 0x00, 0x00, 0x00, 0x00, 0x00, 0x00, 0x00, 0x00, 0x00,
        0x00, 0x00, 0x00, 0x00, 0x00, 0x00, 0x00, 0x00, 0x00, 0x00, 0x00, 0x00,
        0x00, 0x00, 0x00, 0x00, 0x00, 0x00, 0x00, 0x00, 0x00, 0x00, 0x00, 0x00,
        0x00, 0x00, 0x00, 0x00, 0x00, 0x00, 0x00, 0x00, 0x00, 0x00, 0x00, 0x00,
        0x00, 0x00, 0x00, 0x00, 0x00, 0x00, 0x00, 0x00, 0x00, 0x00, 0x00, 0x00,
        0x00, 0x00, 0x00, 0x00, 0x00, 0x00, 0x00, 0x00, 0x00, 0x00, 0x00, 0x00,
        0x00, 0x00, 0x00, 0x00, 0x00, 0x00, 0x00, 0x00, 0x00, 0x00, 0x00, 0x00
    },
    {
        0x00, 0x00, 0x00, 0x00, 0x00, 0x00, 0x00, 0x00, 0x00, 0x00, 0x00, 0x00,
        0x00, 0x00, 0x00, 0x00, 0x00, 0x00, 0x00, 0x00, 0x00, 0x00, 0x00, 0x00,
        0x00, 0x00, 0x00, 0x00, 0x00, 0x00, 0x00, 0x00, 0x00, 0x00, 0x00, 0x00,
        0x00, 0x00, 0x00, 0x00, 0x00, 0x00, 0x00, 0x00, 0x00, 0x00, 0x00, 0x00,
        0x00, 0x00, 0x00, 0x00, 0x00, 0x00, 0x00, 0x00, 0x00, 0x00, 0x00, 0x00,
        0x00, 0x00, 0x00, 0x00, 0x00, 0xF4, 0xFF, 0x6C, 0x00, 0x00, 0x00, 0x00,
        0x00, 0x00, 0x00, 0x00, 0x00, 0xF4, 0xFF, 0x6C, 0x00, 0x00, 0x00, 0x00,
        0x00, 0x00, 0x00, 0x00, 0x00, 0xF4, 0xFF, 0x6C, 0x00, 0x00, 0x00, 0x00,
        0x00, 0x00, 0x00, 0x00, 0x00, 0xF4, 0xFF, 0x6C, 0x00, 0x00, 0x00, 0x00,
        0x00, 0x00, 0x00, 0x00, 0x00, 0xF4, 0xFF, 0x6C, 0x00, 0x00, 0x00, 0x00,
        0x00, 0x00, 0x00, 0x00, 0x00, 0xF4, 0xFF, 0x6C, 0x00, 0x00, 0x00, 0x00,
        0x00, 0x00, 0x00, 0x00, 0x00, 0xF4, 0xFF, 0x6C, 0x00, 0x00, 0x00, 0x00,
        0x00, 0x00, 0x00, 0x00, 0x00, 0xF3, 0xFF, 0x6B, 0x00, 0x00, 0x00, 0x00,
        0x00, 0x00, 0x00, 0x00, 0x00, 0xE9, 0xFF, 0x61, 0x00, 0x00, 0x00, 0x00,
        0x00, 0x00, 0x00, 0x00, 0x00, 0xDA, 0xFF, 0x53, 0x00, 0x00, 0x00, 0x00,
        0x00, 0x00, 0x00, 0x00, 0x00, 0xCB, 0xFF, 0x45, 0x00, 0x00, 0x00, 0x00,
        0x00, 0x00, 0x00, 0x00, 0x00, 0xBC, 0xFF, 0x37, 0x00, 0x00, 0x00, 0x00,
        0x00, 0x00, 0x00, 0x00, 0x00, 0x00, 0x00, 0x00, 0x00, 0x00, 0x00, 0x00,
        0x00, 0x00, 0x00, 0x00, 0x00, 0x00, 0x00, 0x00, 0x00, 0x00, 0x00, 0x00,
        0x00, 0x00, 0x00, 0x00, 0x00, 0x00, 0x00, 0x00, 0x00, 0x00, 0x00, 0x00,
        0x00, 0x00, 0x00, 0x00, 0x00, 0xF4, 0xFF, 0x6C, 0x00, 0x00, 0x00, 0x00,
        0x00, 0x00, 0x00, 0x00, 0x00, 0xF4, 0xFF, 0x6C, 0x00, 0x00, 0x00, 0x00,
        0x00, 0x00, 0x00, 0x00, 0x00, 0xF4, 0xFF, 0x6C, 0x00, 0x00, 0x00, 0x00,
        0x00, 0x00, 0x00, 0x00, 0x00, 0x00, 0x00, 0x00, 0x00, 0x00, 0x00, 0x00
    },
    {
        0x00, 0x00, 0x00, 0x00, 0x00, 0x00, 0x00, 0x00, 0x00, 0x00, 0x00, 0x00,
        0x00, 0x00, 0x00, 0x00, 0x00, 0x00, 0x00, 0x00, 0x00, 0x00, 0x00, 0x00,
        0x00, 0x00, 0x00, 0x00, 0x00, 0x00, 0x00, 0x00, 0x00, 0x00, 0x00, 0x00,
        0x00, 0x00, 0x00, 0x00, 0x00, 0x00, 0x00, 0x00, 0x00, 0x00, 0x00, 0x00,
        0x00, 0x00, 0x00, 0x00, 0x00, 0x00, 0x00, 0x00, 0x00, 0x00, 0x00, 0x00,
        0x00, 0x00, 0x08, 0xFF, 0xFF, 0x00, 0x00, 0x8C, 0xFF, 0x7C, 0x00, 0x00,
        0x00, 0x00, 0x08, 0xFF, 0xFF, 0x00, 0x00, 0x8C, 0xFF, 0x7C, 0x00, 0x00,
        0x00, 0x00, 0x08, 0xFF, 0xFF, 0x00, 0x00, 0x8C, 0xFF, 0x7C, 0x00, 0x00,
        0x00, 0x00, 0x08, 0xFF, 0xFF, 0x00, 0x00, 0x8C, 0xFF, 0x7C, 0x00, 0x00,
        0x00, 0x00, 0x08, 0xFF, 0xFF, 0x00, 0x00, 0x8C, 0xFF, 0x7C, 0x00, 0x00,
        0x00, 0x00, 0x08, 0xFF, 0xFF, 0x00, 0x00, 0x8C, 0xFF, 0x7C, 0x00, 0x00,
        0x00, 0x00, 0x08, 0xFF, 0xFF, 0x00, 0x00, 0x8C, 0xFF, 0x7C, 0x00, 0x00,
        0x00, 0x00, 0x00, 0x00, 0x00, 0x00, 0x00, 0x00, 0x00, 0x00, 0x00, 0x00,
        0x00, 0x00, 0x00, 0x00, 0x00, 0x00, 0x00, 0x00, 0x00, 0x00, 0x00, 0x00,
        0x00, 0x00, 0x00, 0x00, 0x00, 0x00, 0x00, 0x00, 0x00, 0x00, 0x00, 0x00,
        0x00, 0x00, 0x00, 0x00, 0x00, 0x00, 0x00, 0x00, 0x00, 0x00, 0x00, 0x00,
        0x00, 0x00, 0x00, 0x00, 0x00, 0x00, 0x00, 0x00, 0x00, 0x00, 0x00, 0x00,
        0x00, 0x00, 0x00, 0x00, 0x00, 0x00, 0x00, 0x00, 0x00, 0x00, 0x00, 0x00,
        0x00, 0x00, 0x00, 0x00, 0x00, 0x00, 0x00, 0x00, 0x00, 0x00, 0x00, 0x00,
        0x00, 0x00, 0x00, 0x00, 0x00, 0x00, 0x00, 0x00, 0x00, 0x00, 0x00, 0x00,
        0x00, 0x00, 0x00, 0x00, 0x00, 0x00, 0x00, 0x00, 0x00, 0x00, 0x00, 0x00,
        0x00, 0x00, 0x00, 0x00, 0x00, 0x00, 0x00, 0x00, 0x00, 0x00, 0x00, 0x00,
        0x00, 0x00, 0x00, 0x00, 0x00, 0x00, 0x00, 0x00, 0x00, 0x00, 0x00, 0x00,
        0x00, 0x00, 0x00, 0x00, 0x00, 0x00, 0x00, 0x00, 0x00, 0x00, 0x00, 0x00
    },
    {
        0x00, 0x00, 0x00, 0x00, 0x00, 0x00, 0x00, 0x00, 0x00, 0x00, 0x00, 0x00,
        0x00, 0x00, 0x00, 0x00, 0x00, 0x00, 0x00, 0x00, 0x00, 0x00, 0x00, 0x00,
        0x00, 0x00, 0x00, 0x00, 0x00, 0x00, 0x00, 0x00, 0x00, 0x00, 0x00, 0x00,
        0x00, 0x00, 0x00, 0x00, 0x00, 0x00, 0x00, 0x00, 0x00, 0x00, 0x00, 0x00,
        0x00, 0x00, 0x00, 0x00, 0x00, 0x00, 0x00, 0x00, 0x00, 0x00, 0x00, 0x00,
        0x00, 0x00, 0x00, 0x00, 0x05, 0xF5, 0xE4, 0x00, 0x00, 0x38, 0xFF, 0xA7,
        0x00, 0x00, 0x00, 0x00, 0x3A, 0xFF, 0xA6, 0x00, 0x00, 0x77, 0xFF, 0x68,
        0x00, 0x00, 0x00, 0x00, 0x78, 0xFF, 0x67, 0x00, 0x00, 0xB6, 0xFF, 0x29,
        0x00, 0x00, 0x00, 0x00, 0xB7, 0xFF, 0x29, 0x00, 0x03, 0xF1, 0xE9, 0x00,
        0x00, 0x00, 0x00, 0x03, 0xF1, 0xEA, 0x00, 0x00, 0x34, 0xFF, 0xAB, 0x00,
        0xA0, 0xFF, 0xFF, 0xFF, 0xFF, 0xFF, 0xFF, 0xFF, 0xFF, 0xFF, 0xFF, 0xFF,
        0xA0, 0xFF, 0xFF, 0xFF, 0xFF, 0xFF, 0xFF, 0xFF, 0xFF, 0xFF, 0xFF, 0xFF,
        0x00, 0x00, 0x00, 0xA4, 0xFF, 0x3B, 0x00, 0x00, 0xE3, 0xF6, 0x06, 0x00,
        0x00, 0x00, 0x00, 0xE2, 0xF6, 0x06, 0x00, 0x22, 0xFF, 0xBC, 0x00, 0x00,
        0x00, 0x00, 0x22, 0xFF, 0xBD, 0x00, 0x00, 0x60, 0xFF, 0x7D, 0x00, 0x00,
        0x00, 0x00, 0x61, 0xFF, 0x7F, 0x00, 0x00, 0x9D, 0xFF, 0x3F, 0x00, 0x00,
        0xFF, 0xFF, 0xFF, 0xFF, 0xFF, 0xFF, 0xFF, 0xFF, 0xFF, 0xFF, 0xFF, 0xFF,
        0xFF, 0xFF, 0xFF, 0xFF, 0xFF, 0xFF, 0xFF, 0xFF, 0xFF, 0xFF, 0xFF, 0xFF,
        0x00, 0x14, 0xFE, 0xCB, 0x00, 0x00, 0x50, 0xFF, 0x8C, 0x00, 0x00, 0x00,
        0x00, 0x52, 0xFF, 0x8C, 0x00, 0x00, 0x8F, 0xFF, 0x4E, 0x00, 0x00, 0x00,
        0x00, 0x90, 0xFF, 0x4D, 0x00, 0x00, 0xCE, 0xFE, 0x11, 0x00, 0x00, 0x00,
        0x00, 0xCF, 0xFD, 0x10, 0x00, 0x0F, 0xFD, 0xD1, 0x00, 0x00, 0x00, 0x00,
        0x0F, 0xFD, 0xCF, 0x00, 0x00, 0x4C, 0xFF, 0x93, 0x00, 0x00, 0x00, 0x00,
        0x00, 0x00, 0x00, 0x00, 0x00, 0x00, 0x00, 0x00, 0x00, 0x00, 0x00, 0x00
    },
    {
        0x00, 0x00, 0x00, 0x00, 0x00, 0x00, 0x00, 0x00, 0x00, 0x00, 0x00, 0x00,
        0x00, 0x00, 0x00, 0x00, 0x00, 0x00, 0x00, 0x00, 0x00, 0x00, 0x00, 0x00,
        0x00, 0x00, 0x00, 0x00, 0x00, 0x00, 0x00, 0x00, 0x00, 0x00, 0x00, 0x00,
        0x00, 0x00, 0x00, 0x00, 0x00, 0x00, 0x00, 0x00, 0x00, 0x00, 0x00, 0x00,
        0x00, 0x00, 0x00, 0x00, 0x00, 0x00, 0x00, 0x00, 0x00, 0x00, 0x00, 0x00,
        0x00, 0x00, 0x00, 0x00, 0x00, 0x10, 0xFF, 0x1C, 0x00, 0x00, 0x00, 0x00,
        0x00, 0x00, 0x00, 0x00, 0x00, 0x10, 0xFF, 0x1D, 0x00, 0x00, 0x00, 0x00,
        0x00, 0x00, 0x00, 0x00, 0x00, 0x10, 0xFF, 0x1F, 0x00, 0x00, 0x00, 0x00,
        0x00, 0x00, 0x00, 0x58, 0xB7, 0xE9, 0xFF, 0xEE, 0xC1, 0x7F, 0x26, 0x00,
        0x00, 0x05, 0xB5, 0xFF, 0xFF, 0xFF, 0xFF, 0xFF, 0xFF, 0xFF, 0xF0, 0x00,
        0x00, 0x6B, 0xFF, 0xF5, 0x5C, 0x1C, 0xFF, 0x2C, 0x38, 0x7C, 0xC7, 0x00,
        0x00, 0xB3, 0xFF, 0x83, 0x00, 0x10, 0xFF, 0x1C, 0x00, 0x00, 0x00, 0x00,
        0x00, 0xBC, 0xFF, 0x66, 0x00, 0x10, 0xFF, 0x1C, 0x00, 0x00, 0x00, 0x00,
        0x00, 0x89, 0xFF, 0xC6, 0x0B, 0x10, 0xFF, 0x1C, 0x00, 0x00, 0x00, 0x00,
        0x00, 0x17, 0xE5, 0xFF, 0xE7, 0xA3, 0xFF, 0x48, 0x07, 0x00, 0x00, 0x00,
        0x00, 0x00, 0x1C, 0xA7, 0xFA, 0xFF, 0xFF, 0xFF, 0xF3, 0xA0, 0x1F, 0x00,
        0x00, 0x00, 0x00, 0x00, 0x10, 0x53, 0xFF, 0xBA, 0xEC, 0xFF, 0xEF, 0x2F,
        0x00, 0x00, 0x00, 0x00, 0x00, 0x10, 0xFF, 0x1C, 0x0A, 0xAA, 0xFF, 0xC5,
        0x00, 0x00, 0x00, 0x00, 0x00, 0x10, 0xFF, 0x1C, 0x00, 0x34, 0xFF, 0xFE,
        0x00, 0x00, 0x00, 0x00, 0x00, 0x10, 0xFF, 0x1C, 0x00, 0x50, 0xFF, 0xFA,
        0x00, 0xAA, 0x92, 0x40, 0x17, 0x11, 0xFF, 0x2A, 0x4D, 0xE3, 0xFF, 0xAA,
        0x00, 0xC4, 0xFF, 0xFF, 0xFF, 0xF9, 0xFF, 0xFF, 0xFF, 0xFF, 0xD3, 0x17,
        0x00, 0x17, 0x63, 0xAB, 0xD3, 0xF2, 0xFF, 0xF2, 0xC9, 0x75, 0x09, 0x00,
        0x00, 0x00, 0x00, 0x00, 0x00, 0x14, 0xFF, 0x1E, 0x00, 0x00, 0x00, 0x00
    },
    {
        0x00, 0x00, 0x00, 0x00, 0x00, 0x00, 0x00, 0x00, 0x00, 0x00, 0x00, 0x00,
        0x00, 0x00, 0x00, 0x00, 0x00, 0x00, 0x00, 0x00, 0x00, 0x00, 0x00, 0x00,
        0x00, 0x00, 0x00, 0x00, 0x00, 0x00, 0x00, 0x00, 0x00, 0x00, 0x00, 0x00,
        0x00, 0x00, 0x00, 0x00, 0x00, 0x00, 0x00, 0x00, 0x00, 0x00, 0x00, 0x00,
        0x00, 0x00, 0x00, 0x00, 0x00, 0x00, 0x00, 0x00, 0x00, 0x00, 0x00, 0x00,
        0x19, 0xA5, 0xEE, 0xF6, 0xB8, 0x2C, 0x00, 0x00, 0x00, 0x00, 0x00, 0x00,
        0xDD, 0xFF, 0xFF, 0xFF, 0xFF, 0xF6, 0x28, 0x00, 0x00, 0x00, 0x00, 0x00,
        0xFF, 0x94, 0x18, 0x0D, 0x65, 0xFA, 0xAF, 0x00, 0x00, 0x00, 0x00, 0x00,
        0xFF, 0x09, 0x00, 0x00, 0x00, 0xC6, 0xD9, 0x00, 0x00, 0x00, 0x00, 0x00,
        0xFF, 0x8F, 0x16, 0x0D, 0x64, 0xFA, 0xB4, 0x00, 0x00, 0x00, 0x00, 0x10,
        0xE0, 0xFF, 0xFF, 0xFF, 0xFF, 0xF8, 0x36, 0x00, 0x00, 0x00, 0x5A, 0xE8,
        0x16, 0x9E, 0xE5, 0xF7, 0xBF, 0x38, 0x00, 0x00, 0x24, 0xBB, 0xF1, 0x6C,
        0x00, 0x00, 0x00, 0x00, 0x00, 0x00, 0x06, 0x7D, 0xF7, 0xAA, 0x19, 0x00,
        0x00, 0x00, 0x00, 0x00, 0x00, 0x40, 0xD8, 0xDE, 0x49, 0x00, 0x00, 0x00,
        0x00, 0x00, 0x00, 0x14, 0xA0, 0xFA, 0x88, 0x0A, 0x00, 0x00, 0x00, 0x00,
        0x00, 0x01, 0x62, 0xED, 0xC4, 0x2C, 0x00, 0x00, 0x00, 0x00, 0x00, 0x00,
        0x2A, 0xC2, 0xEE, 0x66, 0x01, 0x00, 0x0A, 0x8E, 0xE6, 0xF8, 0xC8, 0x3E,
        0xD6, 0xA4, 0x16, 0x00, 0x00, 0x01, 0xBB, 0xFF, 0xFF, 0xFF, 0xFF, 0xFE,
        0x18, 0x00, 0x00, 0x00, 0x00, 0x41, 0xFF, 0xB4, 0x24, 0x09, 0x4D, 0xEE,
        0x00, 0x00, 0x00, 0x00, 0x00, 0x66, 0xFF, 0x38, 0x00, 0x00, 0x00, 0x9D,
        0x00, 0x00, 0x00, 0x00, 0x00, 0x43, 0xFF, 0xB2, 0x22, 0x09, 0x4B, 0xEE,
        0x00, 0x00, 0x00, 0x00, 0x00, 0x01, 0xC1, 0xFF, 0xFF, 0xFF, 0xFF, 0xFF,
        0x00, 0x00, 0x00, 0x00, 0x00, 0x00, 0x0A, 0x88, 0xDD, 0xF9, 0xCF, 0x53,
        0x00, 0x00, 0x00, 0x00, 0x00, 0x00, 0x00, 0x00, 0x00, 0x00, 0x00, 0x00
    },
    {
        0x00, 0x00, 0x00, 0x00, 0x00, 0x00, 0x00, 0x00, 0x00, 0x00, 0x00, 0x00,
        0x00, 0x00, 0x00, 0x00, 0x00, 0x00, 0x00, 0x00, 0x00, 0x00, 0x00, 0x00,
        0x00, 0x00, 0x00, 0x00, 0x00, 0x00, 0x00, 0x00, 0x00, 0x00, 0x00, 0x00,
        0x00, 0x00, 0x00, 0x00, 0x00, 0x00, 0x00, 0x00, 0x00, 0x00, 0x00, 0x00,
        0x00, 0x00, 0x00, 0x00, 0x00, 0x00, 0x00, 0x00, 0x00, 0x00, 0x00, 0x00,
        0x00, 0x00, 0x00, 0x57, 0xC5, 0xF4, 0xF6, 0xC3, 0x58, 0x03, 0x00, 0x00,
        0x00, 0x00, 0x75, 0xFF, 0xFF, 0xFF, 0xFF, 0xFF, 0xFF, 0x40, 0x00, 0x00,
        0x00, 0x0A, 0xF5, 0xFF, 0x9A, 0x1D, 0x0C, 0x33, 0x8E, 0x3B, 0x00, 0x00,
        0x00, 0x33, 0xFF, 0xEB, 0x02, 0x00, 0x00, 0x00, 0x00, 0x00, 0x00, 0x00,
        0x00, 0x2D, 0xFF, 0xE7, 0x00, 0x00, 0x00, 0x00, 0x00, 0x00, 0x00, 0x00,
        0x00, 0x04, 0xEF, 0xFF, 0x3C, 0x00, 0x00, 0x00, 0x00, 0x00, 0x00, 0x00,
        0x00, 0x00, 0x84, 0xFF, 0xCD, 0x05, 0x00, 0x00, 0x00, 0x00, 0x00, 0x00,
        0x00, 0x00, 0x6F, 0xFF, 0xFF, 0x8B, 0x00, 0x00, 0x00, 0x00, 0x00, 0x00,
        0x00, 0x82, 0xFF, 0xD1, 0xF5, 0xFF, 0x53, 0x00, 0x00, 0x00, 0x00, 0x00,
        0x54, 0xFF, 0xCB, 0x0C, 0x5B, 0xFF, 0xF2, 0x28, 0x00, 0x00, 0x00, 0xD4,
        0xDA, 0xFE, 0x2A, 0x00, 0x00, 0x93, 0xFF, 0xD7, 0x0C, 0x00, 0x00, 0xD4,
        0xFF, 0xD2, 0x00, 0x00, 0x00, 0x05, 0xC4, 0xFF, 0xAB, 0x00, 0x00, 0xEB,
        0xFF, 0xC4, 0x00, 0x00, 0x00, 0x00, 0x19, 0xE7, 0xFF, 0x75, 0x2B, 0xFF,
        0xFF, 0xF2, 0x0A, 0x00, 0x00, 0x00, 0x00, 0x3E, 0xFB, 0xFC, 0xCD, 0xFF,
        0xF2, 0xFF, 0x91, 0x00, 0x00, 0x00, 0x00, 0x00, 0x72, 0xFF, 0xFF, 0x95,
        0x77, 0xFF, 0xFF, 0xAB, 0x35, 0x07, 0x12, 0x56, 0xCE, 0xFF, 0xFF, 0xB7,
        0x01, 0x94, 0xFF, 0xFF, 0xFF, 0xFF, 0xFF, 0xFF, 0xFF, 0x94, 0xEA, 0xFF,
        0x00, 0x00, 0x46, 0xB1, 0xE9, 0xFB, 0xE8, 0xAC, 0x3D, 0x00, 0x72, 0xFF,
        0x00, 0x00, 0x00, 0x00, 0x00, 0x00, 0x00, 0x00, 0x00, 0x00, 0x00, 0x00
    },
    {
        0x00, 0x00, 0x00, 0x00, 0x00, 0x00, 0x00, 0x00, 0x00, 0x00, 0x00, 0x00,
        0x00, 0x00, 0x00, 0x00, 0x00, 0x00, 0x00, 0x00, 0x00, 0x00, 0x00, 0x00,
        0x00, 0x00, 0x00, 0x00, 0x00, 0x00, 0x00, 0x00, 0x00, 0x00, 0x00, 0x00,
        0x00, 0x00, 0x00, 0x00, 0x00, 0x00, 0x00, 0x00, 0x00, 0x00, 0x00, 0x00,
        0x00, 0x00, 0x00, 0x00, 0x00, 0x00, 0x00, 0x00, 0x00, 0x00, 0x00, 0x00,
        0x00, 0x00, 0x00, 0x00, 0x00, 0xD0, 0xFF, 0x3C, 0x00, 0x00, 0x00, 0x00,
        0x00, 0x00, 0x00, 0x00, 0x00, 0xD0, 0xFF, 0x3C, 0x00, 0x00, 0x00, 0x00,
        0x00, 0x00, 0x00, 0x00, 0x00, 0xD0, 0xFF, 0x3C, 0x00, 0x00, 0x00, 0x00,
        0x00, 0x00, 0x00, 0x00, 0x00, 0xD0, 0xFF, 0x3C, 0x00, 0x00, 0x00, 0x00,
        0x00, 0x00, 0x00, 0x00, 0x00, 0xD0, 0xFF, 0x3C, 0x00, 0x00, 0x00, 0x00,
        0x00, 0x00, 0x00, 0x00, 0x00, 0xD0, 0xFF, 0x3C, 0x00, 0x00, 0x00, 0x00,
        0x00, 0x00, 0x00, 0x00, 0x00, 0xD0, 0xFF, 0x3C, 0x00, 0x00, 0x00, 0x00,
        0x00, 0x00, 0x00, 0x00, 0x00, 0x00, 0x00, 0x00, 0x00, 0x00, 0x00, 0x00,
        0x00, 0x00, 0x00, 0x00, 0x00, 0x00, 0x00, 0x00, 0x00, 0x00, 0x00, 0x00,
        0x00, 0x00, 0x00, 0x00, 0x00, 0x00, 0x00, 0x00, 0x00, 0x00, 0x00, 0x00,
        0x00, 0x00, 0x00, 0x00, 0x00, 0x00, 0x00, 0x00, 0x00, 0x00, 0x00, 0x00,
        0x00, 0x00, 0x00, 0x00, 0x00, 0x00, 0x00, 0x00, 0x00, 0x00, 0x00, 0x00,
        0x00, 0x00, 0x00, 0x00, 0x00, 0x00, 0x00, 0x00, 0x00, 0x00, 0x00, 0x00,
        0x00, 0x00, 0x00, 0x00, 0x00, 0x00, 0x00, 0x00, 0x00, 0x00, 0x00, 0x00,
        0x00, 0x00, 0x00, 0x00, 0x00, 0x00, 0x00, 0x00, 0x00, 0x00, 0x00, 0x00,
        0x00, 0x00, 0x00, 0x00, 0x00, 0x00, 0x00, 0x00, 0x00, 0x00, 0x00, 0x00,
        0x00, 0x00, 0x00, 0x00, 0x00, 0x00, 0x00, 0x00, 0x00, 0x00, 0x00, 0x00,
        0x00, 0x00, 0x00, 0x00, 0x00, 0x00, 0x00, 0x00, 0x00, 0x00, 0x00, 0x00,
        0x00, 0x00, 0x00, 0x00, 0x00, 0x00, 0x00, 0x00, 0x00, 0x00, 0x00, 0x00
    },
    {
        0x00, 0x00, 0x00, 0x00, 0x00, 0x00, 0x00, 0x00, 0x00, 0x00, 0x00, 0x00,
        0x00, 0x00, 0x00, 0x00, 0x00, 0x00, 0x00, 0x00, 0x00, 0x00, 0x00, 0x00,
        0x00, 0x00, 0x00, 0x00, 0x00, 0x00, 0x00, 0x00, 0x00, 0x00, 0x00, 0x00,
        0x00, 0x00, 0x00, 0x00, 0x00, 0x00, 0x00, 0x00, 0x00, 0x00, 0x00, 0x00,
        0x00, 0x00, 0x00, 0x00, 0x00, 0x00, 0x00, 0x00, 0x00, 0x00, 0x00, 0x00,
        0x00, 0x00, 0x00, 0x00, 0x00, 0x00, 0x01, 0xC8, 0xFA, 0x22, 0x00, 0x00,
        0x00, 0x00, 0x00, 0x00, 0x00, 0x00, 0x5C, 0xFF, 0x97, 0x00, 0x00, 0x00,
        0x00, 0x00, 0x00, 0x00, 0x00, 0x08, 0xE4, 0xFA, 0x1B, 0x00, 0x00, 0x00,
        0x00, 0x00, 0x00, 0x00, 0x00, 0x61, 0xFF, 0xAF, 0x00, 0x00, 0x00, 0x00,
        0x00, 0x00, 0x00, 0x00, 0x00, 0xCB, 0xFF, 0x51, 0x00, 0x00, 0x00, 0x00,
        0x00, 0x00, 0x00, 0x00, 0x2C, 0xFF, 0xF7, 0x06, 0x00, 0x00, 0x00, 0x00,
        0x00, 0x00, 0x00, 0x00, 0x6F, 0xFF, 0xC4, 0x00, 0x00, 0x00, 0x00, 0x00,
        0x00, 0x00, 0x00, 0x00, 0xAE, 0xFF, 0x8C, 0x00, 0x00, 0x00, 0x00, 0x00,
        0x00, 0x00, 0x00, 0x00, 0xD6, 0xFF, 0x6C, 0x00, 0x00, 0x00, 0x00, 0x00,
        0x00, 0x00, 0x00, 0x00, 0xEB, 0xFF, 0x5A, 0x00, 0x00, 0x00, 0x00, 0x00,
        0x00, 0x00, 0x00, 0x00, 0xFB, 0xFF, 0x4C, 0x00, 0x00, 0x00, 0x00, 0x00,
        0x00, 0x00, 0x00, 0x00, 0xEB, 0xFF, 0x5A, 0x00, 0x00, 0x00, 0x00, 0x00,
        0x00, 0x00, 0x00, 0x00, 0xD5, 0xFF, 0x6D, 0x00, 0x00, 0x00, 0x00, 0x00,
        0x00, 0x00, 0x00, 0x00, 0xAE, 0xFF, 0x8E, 0x00, 0x00, 0x00, 0x00, 0x00,
        0x00, 0x00, 0x00, 0x00, 0x6F, 0xFF, 0xC6, 0x00, 0x00, 0x00, 0x00, 0x00,
        0x00, 0x00, 0x00, 0x00, 0x2C, 0xFF, 0xF7, 0x07, 0x00, 0x00, 0x00, 0x00,
        0x00, 0x00, 0x00, 0x00, 0x00, 0xCC, 0xFF, 0x52, 0x00, 0x00, 0x00, 0x00,
        0x00, 0x00, 0x00, 0x00, 0x00, 0x61, 0xFF, 0xB0, 0x00, 0x00, 0x00, 0x00,
        0x00, 0x00, 0x00, 0x00, 0x00, 0x08, 0xE3, 0xFA, 0x1C, 0x00, 0x00, 0x00
    },
    {
        0x00, 0x00, 0x00, 0x00, 0x00, 0x00, 0x00, 0x00, 0x00, 0x00, 0x00, 0x00,
        0x00, 0x00, 0x00, 0x00, 0x00, 0x00, 0x00, 0x00, 0x00, 0x00, 0x00, 0x00,
        0x00, 0x00, 0x00, 0x00, 0x00, 0x00, 0x00, 0x00, 0x00, 0x00, 0x00, 0x00,
        0x00, 0x00, 0x00, 0x00, 0x00, 0x00, 0x00, 0x00, 0x00, 0x00, 0x00, 0x00,
        0x00, 0x00, 0x00, 0x00, 0x00, 0x00, 0x00, 0x00, 0x00, 0x00, 0x00, 0x00,
        0x00, 0x00, 0x00, 0xAA, 0xFF, 0x3D, 0x00, 0x00, 0x00, 0x00, 0x00, 0x00,
        0x00, 0x00, 0x00, 0x28, 0xFC, 0xCD, 0x02, 0x00, 0x00, 0x00, 0x00, 0x00,
        0x00, 0x00, 0x00, 0x00, 0xA3, 0xFF, 0x5F, 0x00, 0x00, 0x00, 0x00, 0x00,
        0x00, 0x00, 0x00, 0x00, 0x3D, 0xFF, 0xD2, 0x00, 0x00, 0x00, 0x00, 0x00,
        0x00, 0x00, 0x00, 0x00, 0x01, 0xDD, 0xFF, 0x3C, 0x00, 0x00, 0x00, 0x00,
        0x00, 0x00, 0x00, 0x00, 0x00, 0x8B, 0xFF, 0x9C, 0x00, 0x00, 0x00, 0x00,
        0x00, 0x00, 0x00, 0x00, 0x00, 0x52, 0xFF, 0xDF, 0x00, 0x00, 0x00, 0x00,
        0x00, 0x00, 0x00, 0x00, 0x00, 0x1A, 0xFF, 0xFF, 0x20, 0x00, 0x00, 0x00,
        0x00, 0x00, 0x00, 0x00, 0x00, 0x00, 0xF9, 0xFF, 0x48, 0x00, 0x00, 0x00,
        0x00, 0x00, 0x00, 0x00, 0x00, 0x00, 0xE7, 0xFF, 0x5E, 0x00, 0x00, 0x00,
        0x00, 0x00, 0x00, 0x00, 0x00, 0x00, 0xD9, 0xFF, 0x6E, 0x00, 0x00, 0x00,
        0x00, 0x00, 0x00, 0x00, 0x00, 0x00, 0xE7, 0xFF, 0x5D, 0x00, 0x00, 0x00,
        0x00, 0x00, 0x00, 0x00, 0x00, 0x00, 0xF9, 0xFF, 0x48, 0x00, 0x00, 0x00,
        0x00, 0x00, 0x00, 0x00, 0x00, 0x1B, 0xFF, 0xFF, 0x20, 0x00, 0x00, 0x00,
        0x00, 0x00, 0x00, 0x00, 0x00, 0x54, 0xFF, 0xE0, 0x00, 0x00, 0x00, 0x00,
        0x00, 0x00, 0x00, 0x00, 0x00, 0x8D, 0xFF, 0x9D, 0x00, 0x00, 0x00, 0x00,
        0x00, 0x00, 0x00, 0x00, 0x01, 0xE0, 0xFF, 0x3D, 0x00, 0x00, 0x00, 0x00,
        0x00, 0x00, 0x00, 0x00, 0x40, 0xFF, 0xD3, 0x00, 0x00, 0x00, 0x00, 0x00,
        0x00, 0x00, 0x00, 0x00, 0xA6, 0xFF, 0x60, 0x00, 0x00, 0x00, 0x00, 0x00
    },
    {
        0x00, 0x00, 0x00, 0x00, 0x00, 0x00, 0x00, 0x00, 0x00, 0x00, 0x00, 0x00,
        0x00, 0x00, 0x00, 0x00, 0x00, 0x00, 0x00, 0x00, 0x00, 0x00, 0x00, 0x00,
        0x00, 0x00, 0x00, 0x00, 0x00, 0x00, 0x00, 0x00, 0x00, 0x00, 0x00, 0x00,
        0x00, 0x00, 0x00, 0x00, 0x00, 0x00, 0x00, 0x00, 0x00, 0x00, 0x00, 0x00,
        0x00, 0x00, 0x00, 0x00, 0x00, 0x00, 0x00, 0x00, 0x00, 0x00, 0x00, 0x00,
        0x00, 0x00, 0x00, 0x00, 0x00, 0x74, 0xE8, 0x00, 0x00, 0x00, 0x00, 0x00,
        0x00, 0x00, 0x00, 0x00, 0x00, 0x74, 0xE8, 0x00, 0x00, 0x00, 0x00, 0x00,
        0x00, 0xAC, 0x87, 0x11, 0x00, 0x74, 0xE8, 0x00, 0x00, 0x49, 0xCA, 0x2F,
        0x00, 0x47, 0xC0, 0xEF, 0x78, 0x7E, 0xE8, 0x3C, 0xC3, 0xEB, 0x7D, 0x11,
        0x00, 0x00, 0x00, 0x39, 0xB2, 0xFD, 0xFE, 0xE3, 0x70, 0x0A, 0x00, 0x00,
        0x00, 0x00, 0x00, 0x37, 0xB1, 0xFD, 0xFE, 0xE2, 0x6E, 0x09, 0x00, 0x00,
        0x00, 0x42, 0xBC, 0xEF, 0x7A, 0x7E, 0xE8, 0x3C, 0xC3, 0xEA, 0x7A, 0x0F,
        0x00, 0xAD, 0x88, 0x11, 0x00, 0x74, 0xE8, 0x00, 0x00, 0x4B, 0xCB, 0x30,
        0x00, 0x00, 0x00, 0x00, 0x00, 0x74, 0xE8, 0x00, 0x00, 0x00, 0x00, 0x00,
        0x00, 0x00, 0x00, 0x00, 0x00, 0x74, 0xE8, 0x00, 0x00, 0x00, 0x00, 0x00,
        0x00, 0x00, 0x00, 0x00, 0x00, 0x00, 0x00, 0x00, 0x00, 0x00, 0x00, 0x00,
        0x00, 0x00, 0x00, 0x00, 0x00, 0x00, 0x00, 0x00, 0x00, 0x00, 0x00, 0x00,
        0x00, 0x00, 0x00, 0x00, 0x00, 0x00, 0x00, 0x00, 0x00, 0x00, 0x00, 0x00,
        0x00, 0x00, 0x00, 0x00, 0x00, 0x00, 0x00, 0x00, 0x00, 0x00, 0x00, 0x00,
        0x00, 0x00, 0x00, 0x00, 0x00, 0x00, 0x00, 0x00, 0x00, 0x00, 0x00, 0x00,
        0x00, 0x00, 0x00, 0x00, 0x00, 0x00, 0x00, 0x00, 0x00, 0x00, 0x00, 0x00,
        0x00, 0x00, 0x00, 0x00, 0x00, 0x00, 0x00, 0x00, 0x00, 0x00, 0x00, 0x00,
        0x00, 0x00, 0x00, 0x00, 0x00, 0x00, 0x00, 0x00, 0x00, 0x00, 0x00, 0x00,
        0x00, 0x00, 0x00, 0x00, 0x00, 0x00, 0x00, 0x00, 0x00, 0x00, 0x00, 0x00
    },
    {
        0x00, 0x00, 0x00, 0x00, 0x00, 0x00, 0x00, 0x00, 0x00, 0x00, 0x00, 0x00,
        0x00, 0x00, 0x00, 0x00, 0x00, 0x00, 0x00, 0x00, 0x00, 0x00, 0x00, 0x00,
        0x00, 0x00, 0x00, 0x00, 0x00, 0x00, 0x00, 0x00, 0x00, 0x00, 0x00, 0x00,
        0x00, 0x00, 0x00, 0x00, 0x00, 0x00, 0x00, 0x00, 0x00, 0x00, 0x00, 0x00,
        0x00, 0x00, 0x00, 0x00, 0x00, 0x00, 0x00, 0x00, 0x00, 0x00, 0x00, 0x00,
        0x00, 0x00, 0x00, 0x00, 0x00, 0x00, 0x00, 0x00, 0x00, 0x00, 0x00, 0x00,
        0x00, 0x00, 0x00, 0x00, 0x00, 0x00, 0x00, 0x00, 0x00, 0x00, 0x00, 0x00,
        0x00, 0x00, 0x00, 0x00, 0x00, 0x00, 0x00, 0x00, 0x00, 0x00, 0x00, 0x00,
        0x00, 0x00, 0x00, 0x00, 0x00, 0x00, 0x00, 0x00, 0x00, 0x00, 0x00, 0x00,
        0x00, 0x00, 0x00, 0x00, 0x00, 0xC4, 0xFF, 0x34, 0x00, 0x00, 0x00, 0x00,
        0x00, 0x00, 0x00, 0x00, 0x00, 0xC4, 0xFF, 0x34, 0x00, 0x00, 0x00, 0x00,
        0x00, 0x00, 0x00, 0x00, 0x00, 0xC4, 0xFF, 0x34, 0x00, 0x00, 0x00, 0x00,
        0x00, 0x00, 0x00, 0x00, 0x00, 0xC4, 0xFF, 0x34, 0x00, 0x00, 0x00, 0x00,
        0x00, 0x00, 0x00, 0x00, 0x00, 0xC4, 0xFF, 0x34, 0x00, 0x00, 0x00, 0x00,
        0xF8, 0xFF, 0xFF, 0xFF, 0xFF, 0xFF, 0xFF, 0xFF, 0xFF, 0xFF, 0xFF, 0xFF,
        0xF8, 0xFF, 0xFF, 0xFF, 0xFF, 0xFF, 0xFF, 0xFF, 0xFF, 0xFF, 0xFF, 0xFF,
        0x00, 0x00, 0x00, 0x00, 0x00, 0xC4, 0xFF, 0x34, 0x00, 0x00, 0x00, 0x00,
        0x00, 0x00, 0x00, 0x00, 0x00, 0xC4, 0xFF, 0x34, 0x00, 0x00, 0x00, 0x00,
        0x00, 0x00, 0x00, 0x00, 0x00, 0xC4, 0xFF, 0x34, 0x00, 0x00, 0x00, 0x00,
        0x00, 0x00, 0x00, 0x00, 0x00, 0xC4, 0xFF, 0x34, 0x00, 0x00, 0x00, 0x00,
        0x00, 0x00, 0x00, 0x00, 0x00, 0xC4, 0xFF, 0x34, 0x00, 0x00, 0x00, 0x00,
        0x00, 0x00, 0x00, 0x00, 0x00, 0x00, 0x00, 0x00, 0x00, 0x00, 0x00, 0x00,
        0x00, 0x00, 0x00, 0x00, 0x00, 0x00, 0x00, 0x00, 0x00, 0x00, 0x00, 0x00,
        0x00, 0x00, 0x00, 0x00, 0x00, 0x00, 0x00, 0x00, 0x00, 0x00, 0x00, 0x00
    },
    {
        0x00, 0x00, 0x00, 0x00, 0x00, 0x00, 0x00, 0x00, 0x00, 0x00, 0x00, 0x00,
        0x00, 0x00, 0x00, 0x00, 0x00, 0x00, 0x00, 0x00, 0x00, 0x00, 0x00, 0x00,
        0x00, 0x00, 0x00, 0x00, 0x00, 0x00, 0x00, 0x00, 0x00, 0x00, 0x00, 0x00,
        0x00, 0x00, 0x00, 0x00, 0x00, 0x00, 0x00, 0x00, 0x00, 0x00, 0x00, 0x00,
        0x00, 0x00, 0x00, 0x00, 0x00, 0x00, 0x00, 0x00, 0x00, 0x00, 0x00, 0x00,
        0x00, 0x00, 0x00, 0x00, 0x00, 0x00, 0x00, 0x00, 0x00, 0x00, 0x00, 0x00,
        0x00, 0x00, 0x00, 0x00, 0x00, 0x00, 0x00, 0x00, 0x00, 0x00, 0x00, 0x00,
        0x00, 0x00, 0x00, 0x00, 0x00, 0x00, 0x00, 0x00, 0x00, 0x00, 0x00, 0x00,
        0x00, 0x00, 0x00, 0x00, 0x00, 0x00, 0x00, 0x00, 0x00, 0x00, 0x00, 0x00,
        0x00, 0x00, 0x00, 0x00, 0x00, 0x00, 0x00, 0x00, 0x00, 0x00, 0x00, 0x00,
        0x00, 0x00, 0x00, 0x00, 0x00, 0x00, 0x00, 0x00, 0x00, 0x00, 0x00, 0x00,
        0x00, 0x00, 0x00, 0x00, 0x00, 0x00, 0x00, 0x00, 0x00, 0x00, 0x00, 0x00,
        0x00, 0x00, 0x00, 0x00, 0x00, 0x00, 0x00, 0x00, 0x00, 0x00, 0x00, 0x00,
        0x00, 0x00, 0x00, 0x00, 0x00, 0x00, 0x00, 0x00, 0x00, 0x00, 0x00, 0x00,
        0x00, 0x00, 0x00, 0x00, 0x00, 0x00, 0x00, 0x00, 0x00, 0x00, 0x00, 0x00,
        0x00, 0x00, 0x00, 0x00, 0x00, 0x00, 0x00, 0x00, 0x00, 0x00, 0x00, 0x00,
        0x00, 0x00, 0x00, 0x00, 0x00, 0x00, 0x00, 0x00, 0x00, 0x00, 0x00, 0x00,
        0x00, 0x00, 0x00, 0x00, 0x00, 0x00, 0x00, 0x00, 0x00, 0x00, 0x00, 0x00,
        0x00, 0x00, 0x00, 0x00, 0x00, 0x00, 0x00, 0x00, 0x00, 0x00, 0x00, 0x00,
        0x00, 0x00, 0x00, 0x00, 0x1C, 0xFF, 0xFF, 0xD8, 0x00, 0x00, 0x00, 0x00,
        0x00, 0x00, 0x00, 0x00, 0x1C, 0xFF, 0xFF, 0xD8, 0x00, 0x00, 0x00, 0x00,
        0x00, 0x00, 0x00, 0x00, 0x26, 0xFF, 0xFF, 0xC4, 0x00, 0x00, 0x00, 0x00,
        0x00, 0x00, 0x00, 0x00, 0x62, 0xFF, 0xFF, 0x4F, 0x00, 0x00, 0x00, 0x00,
        0x00, 0x00, 0x00, 0x00, 0xA4, 0xFF, 0xCC, 0x00, 0x00, 0x00, 0x00, 0x00
    },
    {
        0x00, 0x00, 0x00, 0x00, 0x00, 0x00, 0x00, 0x00, 0x00, 0x00, 0x00, 0x00,
        0x00, 0x00, 0x00, 0x00, 0x00, 0x00, 0x00, 0x00, 0x00, 0x00, 0x00, 0x00,
        0x00, 0x00, 0x00, 0x00, 0x00, 0x00, 0x00, 0x00, 0x00, 0x00, 0x00, 0x00,
        0x00, 0x00, 0x00, 0x00, 0x00, 0x00, 0x00, 0x00, 0x00, 0x00, 0x00, 0x00,
        0x00, 0x00, 0x00, 0x00, 0x00, 0x00, 0x00, 0x00, 0x00, 0x00, 0x00, 0x00,
        0x00, 0x00, 0x00, 0x00, 0x00, 0x00, 0x00, 0x00, 0x00, 0x00, 0x00, 0x00,
        0x00, 0x00, 0x00, 0x00, 0x00, 0x00, 0x00, 0x00, 0x00, 0x00, 0x00, 0x00,
        0x00, 0x00, 0x00, 0x00, 0x00, 0x00, 0x00, 0x00, 0x00, 0x00, 0x00, 0x00,
        0x00, 0x00, 0x00, 0x00, 0x00, 0x00, 0x00, 0x00, 0x00, 0x00, 0x00, 0x00,
        0x00, 0x00, 0x00, 0x00, 0x00, 0x00, 0x00, 0x00, 0x00, 0x00, 0x00, 0x00,
        0x00, 0x00, 0x00, 0x00, 0x00, 0x00, 0x00, 0x00, 0x00, 0x00, 0x00, 0x00,
        0x00, 0x00, 0x00, 0x00, 0x00, 0x00, 0x00, 0x00, 0x00, 0x00, 0x00, 0x00,
        0x00, 0x00, 0x00, 0x00, 0x00, 0x00, 0x00, 0x00, 0x00, 0x00, 0x00, 0x00,
        0x00, 0x00, 0x00, 0x00, 0x00, 0x00, 0x00, 0x00, 0x00, 0x00, 0x00, 0x00,
        0x00, 0x00, 0x00, 0x00, 0x00, 0x00, 0x00, 0x00, 0x00, 0x00, 0x00, 0x00,
        0x00, 0x00, 0x00, 0xD4, 0xFF, 0xFF, 0xFF, 0xFF, 0xFF, 0x48, 0x00, 0x00,
        0x00, 0x00, 0x00, 0xD4, 0xFF, 0xFF, 0xFF, 0xFF, 0xFF, 0x48, 0x00, 0x00,
        0x00, 0x00, 0x00, 0x00, 0x00, 0x00, 0x00, 0x00, 0x00, 0x00, 0x00, 0x00,
        0x00, 0x00, 0x00, 0x00, 0x00, 0x00, 0x00, 0x00, 0x00, 0x00, 0x00, 0x00,
        0x00, 0x00, 0x00, 0x00, 0x00, 0x00, 0x00, 0x00, 0x00, 0x00, 0x00, 0x00,
        0x00, 0x00, 0x00, 0x00, 0x00, 0x00, 0x00, 0x00, 0x00, 0x00, 0x00, 0x00,
        0x00, 0x00, 0x00, 0x00, 0x00, 0x00, 0x00, 0x00, 0x00, 0x00, 0x00, 0x00,
        0x00, 0x00, 0x00, 0x00, 0x00, 0x00, 0x00, 0x00, 0x00, 0x00, 0x00, 0x00,
        0x00, 0x00, 0x00, 0x00, 0x00, 0x00, 0x00, 0x00, 0x00, 0x00, 0x00, 0x00
    },
    {
        0x00, 0x00, 0x00, 0x00, 0x00, 0x00, 0x00, 0x00, 0x00, 0x00, 0x00, 0x00,
        0x00, 0x00, 0x00, 0x00, 0x00, 0x00, 0x00, 0x00, 0x00, 0x00, 0x00, 0x00,
        0x00, 0x00, 0x00, 0x00, 0x00, 0x00, 0x00, 0x00, 0x00, 0x00, 0x00, 0x00,
        0x00, 0x00, 0x00, 0x00, 0x00, 0x00, 0x00, 0x00, 0x00, 0x00, 0x00, 0x00,
        0x00, 0x00, 0x00, 0x00, 0x00, 0x00, 0x00, 0x00, 0x00, 0x00, 0x00, 0x00,
        0x00, 0x00, 0x00, 0x00, 0x00, 0x00, 0x00, 0x00, 0x00, 0x00, 0x00, 0x00,
        0x00, 0x00, 0x00, 0x00, 0x00, 0x00, 0x00, 0x00, 0x00, 0x00, 0x00, 0x00,
        0x00, 0x00, 0x00, 0x00, 0x00, 0x00, 0x00, 0x00, 0x00, 0x00, 0x00, 0x00,
        0x00, 0x00, 0x00, 0x00, 0x00, 0x00, 0x00, 0x00, 0x00, 0x00, 0x00, 0x00,
        0x00, 0x00, 0x00, 0x00, 0x00, 0x00, 0x00, 0x00, 0x00, 0x00, 0x00, 0x00,
        0x00, 0x00, 0x00, 0x00, 0x00, 0x00, 0x00, 0x00, 0x00, 0x00, 0x00, 0x00,
        0x00, 0x00, 0x00, 0x00, 0x00, 0x00, 0x00, 0x00, 0x00, 0x00, 0x00, 0x00,
        0x00, 0x00, 0x00, 0x00, 0x00, 0x00, 0x00, 0x00, 0x00, 0x00, 0x00, 0x00,
        0x00, 0x00, 0x00, 0x00, 0x00, 0x00, 0x00, 0x00, 0x00, 0x00, 0x00, 0x00,
        0x00, 0x00, 0x00, 0x00, 0x00, 0x00, 0x00, 0x00, 0x00, 0x00, 0x00, 0x00,
        0x00, 0x00, 0x00, 0x00, 0x00, 0x00, 0x00, 0x00, 0x00, 0x00, 0x00, 0x00,
        0x00, 0x00, 0x00, 0x00, 0x00, 0x00, 0x00, 0x00, 0x00, 0x00, 0x00, 0x00,
        0x00, 0x00, 0x00, 0x00, 0x00, 0x00, 0x00, 0x00, 0x00, 0x00, 0x00, 0x00,
        0x00, 0x00, 0x00, 0x00, 0x00, 0x00, 0x00, 0x00, 0x00, 0x00, 0x00, 0x00,
        0x00, 0x00, 0x00, 0x00, 0x44, 0xFF, 0xFF, 0xB0, 0x00, 0x00, 0x00, 0x00,
        0x00, 0x00, 0x00, 0x00, 0x44, 0xFF, 0xFF, 0xB0, 0x00, 0x00, 0x00, 0x00,
        0x00, 0x00, 0x00, 0x00, 0x44, 0xFF, 0xFF, 0xB0, 0x00, 0x00, 0x00, 0x00,
        0x00, 0x00, 0x00, 0x00, 0x44, 0xFF, 0xFF, 0xB0, 0x00, 0x00, 0x00, 0x00,
        0x00, 0x00, 0x00, 0x00, 0x00, 0x00, 0x00, 0x00, 0x00, 0x00, 0x00, 0x00
    },
    {
        0x00, 0x00, 0x00, 0x00, 0x00, 0x00, 0x00, 0x00, 0x00, 0x00, 0x00, 0x00,
        0x00, 0x00, 0x00, 0x00, 0x00, 0x00, 0x00, 0x00, 0x00, 0x00, 0x00, 0x00,
        0x00, 0x00, 0x00, 0x00, 0x00, 0x00, 0x00, 0x00, 0x00, 0x00, 0x00, 0x00,
        0x00, 0x00, 0x00, 0x00, 0x00, 0x00, 0x00, 0x00, 0x00, 0x00, 0x00, 0x00,
        0x00, 0x00, 0x00, 0x00, 0x00, 0x00, 0x00, 0x00, 0x00, 0x00, 0x00, 0x00,
        0x00, 0x00, 0x00, 0x00, 0x00, 0x00, 0x00, 0x00, 0x00, 0xCE, 0xFF, 0x68,
        0x00, 0x00, 0x00, 0x00, 0x00, 0x00, 0x00, 0x00, 0x46, 0xFF, 0xEA, 0x09,
        0x00, 0x00, 0x00, 0x00, 0x00, 0x00, 0x00, 0x00, 0xBC, 0xFF, 0x7D, 0x00,
        0x00, 0x00, 0x00, 0x00, 0x00, 0x00, 0x00, 0x31, 0xFF, 0xF4, 0x12, 0x00,
        0x00, 0x00, 0x00, 0x00, 0x00, 0x00, 0x00, 0xA8, 0xFF, 0x91, 0x00, 0x00,
        0x00, 0x00, 0x00, 0x00, 0x00, 0x00, 0x21, 0xFC, 0xFC, 0x1F, 0x00, 0x00,
        0x00, 0x00, 0x00, 0x00, 0x00, 0x00, 0x94, 0xFF, 0xA6, 0x00, 0x00, 0x00,
        0x00, 0x00, 0x00, 0x00, 0x00, 0x13, 0xF5, 0xFF, 0x30, 0x00, 0x00, 0x00,
        0x00, 0x00, 0x00, 0x00, 0x00, 0x80, 0xFF, 0xBA, 0x00, 0x00, 0x00, 0x00,
        0x00, 0x00, 0x00, 0x00, 0x09, 0xEB, 0xFF, 0x44, 0x00, 0x00, 0x00, 0x00,
        0x00, 0x00, 0x00, 0x00, 0x6C, 0xFF, 0xCE, 0x00, 0x00, 0x00, 0x00, 0x00,
        0x00, 0x00, 0x00, 0x03, 0xDD, 0xFF, 0x59, 0x00, 0x00, 0x00, 0x00, 0x00,
        0x00, 0x00, 0x00, 0x58, 0xFF, 0xDF, 0x03, 0x00, 0x00, 0x00, 0x00, 0x00,
        0x00, 0x00, 0x00, 0xCD, 0xFF, 0x6D, 0x00, 0x00, 0x00, 0x00, 0x00, 0x00,
        0x00, 0x00, 0x44, 0xFF, 0xEC, 0x0A, 0x00, 0x00, 0x00, 0x00, 0x00, 0x00,
        0x00, 0x00, 0xBA, 0xFF, 0x81, 0x00, 0x00, 0x00, 0x00, 0x00, 0x00, 0x00,
        0x00, 0x2F, 0xFF, 0xF6, 0x15, 0x00, 0x00, 0x00, 0x00, 0x00, 0x00, 0x00,
        0x00, 0xA6, 0xFF, 0x96, 0x00, 0x00, 0x00, 0x00, 0x00, 0x00, 0x00, 0x00,
        0x1F, 0xFB, 0xFD, 0x23, 0x00, 0x00, 0x00, 0x00, 0x00, 0x00, 0x00, 0x00
    },
    {
        0x00, 0x00, 0x00, 0x00, 0x00, 0x00, 0x00, 0x00, 0x00, 0x00, 0x00, 0x00,
        0x00, 0x00, 0x00, 0x00, 0x00, 0x00, 0x00, 0x00, 0x00, 0x00, 0x00, 0x00,
        0x00, 0x00, 0x00, 0x00, 0x00, 0x00, 0x00, 0x00, 0x00, 0x00, 0x00, 0x00,
        0x00, 0x00, 0x00, 0x00, 0x00, 0x00, 0x00, 0x00, 0x00, 0x00, 0x00, 0x00,
        0x00, 0x00, 0x00, 0x00, 0x00, 0x00, 0x00, 0x00, 0x00, 0x00, 0x00, 0x00,
        0x00, 0x00, 0x00, 0x3D, 0xB3, 0xEB, 0xF6, 0xD4, 0x79, 0x06, 0x00, 0x00,
        0x00, 0x00, 0x60, 0xFD, 0xFF, 0xFF, 0xFF, 0xFF, 0xFF, 0xC4, 0x07, 0x00,
        0x00, 0x23, 0xF8, 0xFF, 0xB1, 0x22, 0x0C, 0x5F, 0xF7, 0xFF, 0x8C, 0x00,
        0x00, 0x98, 0xFF, 0xDE, 0x07, 0x00, 0x00, 0x00, 0x73, 0xFF, 0xF6, 0x12,
        0x01, 0xE7, 0xFF, 0x7A, 0x00, 0x00, 0x00, 0x00, 0x0E, 0xF8, 0xFF, 0x5A,
        0x24, 0xFF, 0xFF, 0x3A, 0x00, 0x00, 0x00, 0x00, 0x00, 0xC6, 0xFF, 0x96,
        0x4A, 0xFF, 0xFF, 0x13, 0x00, 0x00, 0x00, 0x00, 0x00, 0xA0, 0xFF, 0xBC,
        0x60, 0xFF, 0xFB, 0x00, 0x00, 0x00, 0x00, 0x00, 0x00, 0x89, 0xFF, 0xD2,
        0x6B, 0xFF, 0xF3, 0x00, 0x22, 0xD9, 0xF3, 0x77, 0x00, 0x80, 0xFF, 0xDE,
        0x6B, 0xFF, 0xF3, 0x00, 0x24, 0xDD, 0xF4, 0x79, 0x00, 0x80, 0xFF, 0xDD,
        0x60, 0xFF, 0xFB, 0x00, 0x00, 0x00, 0x00, 0x00, 0x00, 0x89, 0xFF, 0xD2,
        0x4A, 0xFF, 0xFF, 0x13, 0x00, 0x00, 0x00, 0x00, 0x00, 0xA0, 0xFF, 0xBD,
        0x24, 0xFF, 0xFF, 0x3A, 0x00, 0x00, 0x00, 0x00, 0x00, 0xC6, 0xFF, 0x96,
        0x01, 0xE8, 0xFF, 0x7A, 0x00, 0x00, 0x00, 0x00, 0x0E, 0xF8, 0xFF, 0x5B,
        0x00, 0x98, 0xFF, 0xDE, 0x07, 0x00, 0x00, 0x00, 0x72, 0xFF, 0xF6, 0x12,
        0x00, 0x23, 0xF9, 0xFF, 0xB0, 0x21, 0x0A, 0x5F, 0xF6, 0xFF, 0x8C, 0x00,
        0x00, 0x00, 0x61, 0xFD, 0xFF, 0xFF, 0xFF, 0xFF, 0xFF, 0xC5, 0x08, 0x00,
        0x00, 0x00, 0x00, 0x3D, 0xB4, 0xED, 0xF7, 0xD5, 0x7A, 0x06, 0x00, 0x00,
        0x00, 0x00, 0x00, 0x00, 0x00, 0x00, 0x00, 0x00, 0x00, 0x00, 0x00, 0x00
    },
    {
        0x00, 0x00, 0x00, 0x00, 0x00, 0x00, 0x00, 0x00, 0x00, 0x00, 0x00, 0x00,
        0x00, 0x00, 0x00, 0x00, 0x00, 0x00, 0x00, 0x00, 0x00, 0x00, 0x00, 0x00,
        0x00, 0x00, 0x00, 0x00, 0x00, 0x00, 0x00, 0x00, 0x00, 0x00, 0x00, 0x00,
        0x00, 0x00, 0x00, 0x00, 0x00, 0x00, 0x00, 0x00, 0x00, 0x00, 0x00, 0x00,
        0x00, 0x00, 0x00, 0x00, 0x00, 0x00, 0x00, 0x00, 0x00, 0x00, 0x00, 0x00,
        0x00, 0x00, 0x27, 0x68, 0xA9, 0xE9, 0xFF, 0xFF, 0x30, 0x00, 0x00, 0x00,
        0x00, 0x1C, 0xFF, 0xFF, 0xFF, 0xFF, 0xFF, 0xFF, 0x30, 0x00, 0x00, 0x00,
        0x00, 0x1B, 0xD9, 0x98, 0x57, 0x3F, 0xFF, 0xFF, 0x30, 0x00, 0x00, 0x00,
        0x00, 0x00, 0x00, 0x00, 0x00, 0x28, 0xFF, 0xFF, 0x30, 0x00, 0x00, 0x00,
        0x00, 0x00, 0x00, 0x00, 0x00, 0x28, 0xFF, 0xFF, 0x30, 0x00, 0x00, 0x00,
        0x00, 0x00, 0x00, 0x00, 0x00, 0x28, 0xFF, 0xFF, 0x30, 0x00, 0x00, 0x00,
        0x00, 0x00, 0x00, 0x00, 0x00, 0x28, 0xFF, 0xFF, 0x30, 0x00, 0x00, 0x00,
        0x00, 0x00, 0x00, 0x00, 0x00, 0x28, 0xFF, 0xFF, 0x30, 0x00, 0x00, 0x00,
        0x00, 0x00, 0x00, 0x00, 0x00, 0x28, 0xFF, 0xFF, 0x30, 0x00, 0x00, 0x00,
        0x00, 0x00, 0x00, 0x00, 0x00, 0x28, 0xFF, 0xFF, 0x30, 0x00, 0x00, 0x00,
        0x00, 0x00, 0x00, 0x00, 0x00, 0x28, 0xFF, 0xFF, 0x30, 0x00, 0x00, 0x00,
        0x00, 0x00, 0x00, 0x00, 0x00, 0x28, 0xFF, 0xFF, 0x30, 0x00, 0x00, 0x00,
        0x00, 0x00, 0x00, 0x00, 0x00, 0x28, 0xFF, 0xFF, 0x30, 0x00, 0x00, 0x00,
        0x00, 0x00, 0x00, 0x00, 0x00, 0x28, 0xFF, 0xFF, 0x30, 0x00, 0x00, 0x00,
        0x00, 0x00, 0x00, 0x00, 0x00, 0x28, 0xFF, 0xFF, 0x30, 0x00, 0x00, 0x00,
        0x00, 0x00, 0x00, 0x00, 0x00, 0x28, 0xFF, 0xFF, 0x30, 0x00, 0x00, 0x00,
        0x00, 0x00, 0xD4, 0xFF, 0xFF, 0xFF, 0xFF, 0xFF, 0xFF, 0xFF, 0xFF, 0xD4,
        0x00, 0x00, 0xD4, 0xFF, 0xFF, 0xFF, 0xFF, 0xFF, 0xFF, 0xFF, 0xFF, 0xD4,
        0x00, 0x00, 0x00, 0x00, 0x00, 0x00, 0x00, 0x00, 0x00, 0x00, 0x00, 0x00
    },
    {
        0x00, 0x00, 0x00, 0x00, 0x00, 0x00, 0x00, 0x00, 0x00, 0x00, 0x00, 0x00,
        0x00, 0x00, 0x00, 0x00, 0x00, 0x00, 0x00, 0x00, 0x00, 0x00, 0x00, 0x00,
        0x00, 0x00, 0x00, 0x00, 0x00, 0x00, 0x00, 0x00, 0x00, 0x00, 0x00, 0x00,
        0x00, 0x00, 0x00, 0x00, 0x00, 0x00, 0x00, 0x00, 0x00, 0x00, 0x00, 0x00,
        0x00, 0x00, 0x00, 0x00, 0x00, 0x00, 0x00, 0x00, 0x00, 0x00, 0x00, 0x00,
        0x00, 0x2E, 0x7F, 0xC2, 0xE1, 0xF9, 0xEE, 0xBF, 0x63, 0x03, 0x00, 0x00,
        0x14, 0xFF, 0xFF, 0xFF, 0xFF, 0xFF, 0xFF, 0xFF, 0xFF, 0xC0, 0x0C, 0x00,
        0x13, 0xD3, 0x86, 0x41, 0x21, 0x08, 0x22, 0x86, 0xFD, 0xFF, 0xA0, 0x00,
        0x00, 0x00, 0x00, 0x00, 0x00, 0x00, 0x00, 0x00, 0x91, 0xFF, 0xFC, 0x13,
        0x00, 0x00, 0x00, 0x00, 0x00, 0x00, 0x00, 0x00, 0x3C, 0xFF, 0xFF, 0x40,
        0x00, 0x00, 0x00, 0x00, 0x00, 0x00, 0x00, 0x00, 0x2B, 0xFF, 0xFF, 0x3C,
        0x00, 0x00, 0x00, 0x00, 0x00, 0x00, 0x00, 0x00, 0x5F, 0xFF, 0xF9, 0x10,
        0x00, 0x00, 0x00, 0x00, 0x00, 0x00, 0x00, 0x03, 0xD2, 0xFF, 0xA1, 0x00,
        0x00, 0x00, 0x00, 0x00, 0x00, 0x00, 0x00, 0x7F, 0xFF, 0xEF, 0x1C, 0x00,
        0x00, 0x00, 0x00, 0x00, 0x00, 0x00, 0x47, 0xFD, 0xFE, 0x4E, 0x00, 0x00,
        0x00, 0x00, 0x00, 0x00, 0x00, 0x31, 0xF2, 0xFF, 0x75, 0x00, 0x00, 0x00,
        0x00, 0x00, 0x00, 0x00, 0x23, 0xE8, 0xFF, 0x8E, 0x00, 0x00, 0x00, 0x00,
        0x00, 0x00, 0x00, 0x19, 0xDE, 0xFF, 0xA2, 0x01, 0x00, 0x00, 0x00, 0x00,
        0x00, 0x00, 0x11, 0xD3, 0xFF, 0xB2, 0x04, 0x00, 0x00, 0x00, 0x00, 0x00,
        0x00, 0x0B, 0xC7, 0xFF, 0xBF, 0x08, 0x00, 0x00, 0x00, 0x00, 0x00, 0x00,
        0x06, 0xBA, 0xFF, 0xCA, 0x0D, 0x00, 0x00, 0x00, 0x00, 0x00, 0x00, 0x00,
        0x38, 0xFF, 0xFF, 0xFF, 0xFF, 0xFF, 0xFF, 0xFF, 0xFF, 0xFF, 0xFF, 0x68,
        0x38, 0xFF, 0xFF, 0xFF, 0xFF, 0xFF, 0xFF, 0xFF, 0xFF, 0xFF, 0xFF, 0x68,
        0x00, 0x00, 0x00, 0x00, 0x00, 0x00, 0x00, 0x00, 0x00, 0x00, 0x00, 0x00
    },
    {
        0x00, 0x00, 0x00, 0x00, 0x00, 0x00, 0x00, 0x00, 0x00, 0x00, 0x00, 0x00,
        0x00, 0x00, 0x00, 0x00, 0x00, 0x00, 0x00, 0x00, 0x00, 0x00, 0x00, 0x00,
        0x00, 0x00, 0x00, 0x00, 0x00, 0x00, 0x00, 0x00, 0x00, 0x00, 0x00, 0x00,
        0x00, 0x00, 0x00, 0x00, 0x00, 0x00, 0x00, 0x00, 0x00, 0x00, 0x00, 0x00,
        0x00, 0x00, 0x00, 0x00, 0x00, 0x00, 0x00, 0x00, 0x00, 0x00, 0x00, 0x00,
        0x00, 0x1E, 0x6F, 0xB3, 0xDB, 0xF8, 0xEF, 0xC0, 0x64, 0x03, 0x00, 0x00,
        0x00, 0xDC, 0xFF, 0xFF, 0xFF, 0xFF, 0xFF, 0xFF, 0xFF, 0xBD, 0x09, 0x00,
        0x00, 0xBD, 0x90, 0x45, 0x22, 0x08, 0x20, 0x7C, 0xFA, 0xFF, 0x96, 0x00,
        0x00, 0x00, 0x00, 0x00, 0x00, 0x00, 0x00, 0x00, 0x82, 0xFF, 0xF7, 0x0A,
        0x00, 0x00, 0x00, 0x00, 0x00, 0x00, 0x00, 0x00, 0x33, 0xFF, 0xFF, 0x30,
        0x00, 0x00, 0x00, 0x00, 0x00, 0x00, 0x00, 0x00, 0x31, 0xFF, 0xFF, 0x28,
        0x00, 0x00, 0x00, 0x00, 0x00, 0x00, 0x00, 0x00, 0x85, 0xFF, 0xEB, 0x06,
        0x00, 0x00, 0x00, 0x00, 0x00, 0x05, 0x25, 0x87, 0xFD, 0xFF, 0x63, 0x00,
        0x00, 0x00, 0x00, 0x60, 0xFF, 0xFF, 0xFF, 0xFF, 0xD0, 0x52, 0x00, 0x00,
        0x00, 0x00, 0x00, 0x60, 0xFF, 0xFF, 0xFF, 0xFF, 0xDA, 0x6E, 0x01, 0x00,
        0x00, 0x00, 0x00, 0x00, 0x00, 0x05, 0x23, 0x6E, 0xE9, 0xFF, 0xA3, 0x00,
        0x00, 0x00, 0x00, 0x00, 0x00, 0x00, 0x00, 0x00, 0x29, 0xFA, 0xFF, 0x45,
        0x00, 0x00, 0x00, 0x00, 0x00, 0x00, 0x00, 0x00, 0x00, 0xC2, 0xFF, 0x87,
        0x00, 0x00, 0x00, 0x00, 0x00, 0x00, 0x00, 0x00, 0x00, 0xC5, 0xFF, 0x9B,
        0x00, 0x00, 0x00, 0x00, 0x00, 0x00, 0x00, 0x00, 0x27, 0xFA, 0xFF, 0x73,
        0x5D, 0xB6, 0x65, 0x30, 0x15, 0x08, 0x23, 0x6E, 0xE7, 0xFF, 0xF1, 0x18,
        0x64, 0xFF, 0xFF, 0xFF, 0xFF, 0xFF, 0xFF, 0xFF, 0xFF, 0xF1, 0x46, 0x00,
        0x06, 0x46, 0x94, 0xCB, 0xE6, 0xFB, 0xF1, 0xCC, 0x85, 0x19, 0x00, 0x00,
        0x00, 0x00, 0x00, 0x00, 0x00, 0x00, 0x00, 0x00, 0x00, 0x00, 0x00, 0x00
    },
    {
        0x00, 0x00, 0x00, 0x00, 0x00, 0x00, 0x00, 0x00, 0x00, 0x00, 0x00, 0x00,
        0x00, 0x00, 0x00, 0x00, 0x00, 0x00, 0x00, 0x00, 0x00, 0x00, 0x00, 0x00,
        0x00, 0x00, 0x00, 0x00, 0x00, 0x00, 0x00, 0x00, 0x00, 0x00, 0x00, 0x00,
        0x00, 0x00, 0x00, 0x00, 0x00, 0x00, 0x00, 0x00, 0x00, 0x00, 0x00, 0x00,
        0x00, 0x00, 0x00, 0x00, 0x00, 0x00, 0x00, 0x00, 0x00, 0x00, 0x00, 0x00,
        0x00, 0x00, 0x00, 0x00, 0x00, 0x00, 0x1C, 0xF4, 0xFF, 0xF8, 0x00, 0x00,
        0x00, 0x00, 0x00, 0x00, 0x00, 0x00, 0xAC, 0xFF, 0xFF, 0xF8, 0x00, 0x00,
        0x00, 0x00, 0x00, 0x00, 0x00, 0x46, 0xFF, 0xD8, 0xFF, 0xF8, 0x00, 0x00,
        0x00, 0x00, 0x00, 0x00, 0x07, 0xDA, 0xE0, 0x6C, 0xFF, 0xF8, 0x00, 0x00,
        0x00, 0x00, 0x00, 0x00, 0x7C, 0xFF, 0x57, 0x64, 0xFF, 0xF8, 0x00, 0x00,
        0x00, 0x00, 0x00, 0x20, 0xF6, 0xC6, 0x00, 0x64, 0xFF, 0xF8, 0x00, 0x00,
        0x00, 0x00, 0x00, 0xB1, 0xFE, 0x36, 0x00, 0x64, 0xFF, 0xF8, 0x00, 0x00,
        0x00, 0x00, 0x4C, 0xFF, 0xA4, 0x00, 0x00, 0x64, 0xFF, 0xF8, 0x00, 0x00,
        0x00, 0x08, 0xDD, 0xF6, 0x1D, 0x00, 0x00, 0x64, 0xFF, 0xF8, 0x00, 0x00,
        0x00, 0x81, 0xFF, 0x82, 0x00, 0x00, 0x00, 0x64, 0xFF, 0xF8, 0x00, 0x00,
        0x23, 0xF8, 0xE6, 0x0B, 0x00, 0x00, 0x00, 0x64, 0xFF, 0xF8, 0x00, 0x00,
        0xAC, 0xFF, 0x60, 0x00, 0x00, 0x00, 0x00, 0x64, 0xFF, 0xF8, 0x00, 0x00,
        0xCC, 0xFF, 0xFF, 0xFF, 0xFF, 0xFF, 0xFF, 0xFF, 0xFF, 0xFF, 0xFF, 0xFF,
        0xCC, 0xFF, 0xFF, 0xFF, 0xFF, 0xFF, 0xFF, 0xFF, 0xFF, 0xFF, 0xFF, 0xFF,
        0x00, 0x00, 0x00, 0x00, 0x00, 0x00, 0x00, 0x64, 0xFF, 0xF8, 0x00, 0x00,
        0x00, 0x00, 0x00, 0x00, 0x00, 0x00, 0x00, 0x64, 0xFF, 0xF8, 0x00, 0x00,
        0x00, 0x00, 0x00, 0x00, 0x00, 0x00, 0x00, 0x64, 0xFF, 0xF8, 0x00, 0x00,
        0x00, 0x00, 0x00, 0x00, 0x00, 0x00, 0x00, 0x64, 0xFF, 0xF8, 0x00, 0x00,
        0x00, 0x00, 0x00, 0x00, 0x00, 0x00, 0x00, 0x00, 0x00, 0x00, 0x00, 0x00
    },
    {
        0x00, 0x00, 0x00, 0x00, 0x00, 0x00, 0x00, 0x00, 0x00, 0x00, 0x00, 0x00,
        0x00, 0x00, 0x00, 0x00, 0x00, 0x00, 0x00, 0x00, 0x00, 0x00, 0x00, 0x00,
        0x00, 0x00, 0x00, 0x00, 0x00, 0x00, 0x00, 0x00, 0x00, 0x00, 0x00, 0x00,
        0x00, 0x00, 0x00, 0x00, 0x00, 0x00, 0x00, 0x00, 0x00, 0x00, 0x00, 0x00,
        0x00, 0x00, 0x00, 0x00, 0x00, 0x00, 0x00, 0x00, 0x00, 0x00, 0x00, 0x00,
        0x00, 0x94, 0xFF, 0xFF, 0xFF, 0xFF, 0xFF, 0xFF, 0xFF, 0xFF, 0x48, 0x00,
        0x00, 0x94, 0xFF, 0xFF, 0xFF, 0xFF, 0xFF, 0xFF, 0xFF, 0xFF, 0x48, 0x00,
        0x00, 0x94, 0xFF, 0x94, 0x00, 0x00, 0x00, 0x00, 0x00, 0x00, 0x00, 0x00,
        0x00, 0x94, 0xFF, 0x94, 0x00, 0x00, 0x00, 0x00, 0x00, 0x00, 0x00, 0x00,
        0x00, 0x94, 0xFF, 0x94, 0x00, 0x00, 0x00, 0x00, 0x00, 0x00, 0x00, 0x00,
        0x00, 0x94, 0xFF, 0x94, 0x00, 0x00, 0x00, 0x00, 0x00, 0x00, 0x00, 0x00,
        0x00, 0x94, 0xFF, 0xDF, 0xDD, 0xF9, 0xED, 0xBE, 0x5F, 0x02, 0x00, 0x00,
        0x00, 0x94, 0xFF, 0xFF, 0xFF, 0xFF, 0xFF, 0xFF, 0xFF, 0xB8, 0x08, 0x00,
        0x00, 0x81, 0x88, 0x34, 0x11, 0x09, 0x36, 0xA9, 0xFF, 0xFF, 0x97, 0x00,
        0x00, 0x00, 0x00, 0x00, 0x00, 0x00, 0x00, 0x00, 0x99, 0xFF, 0xFB, 0x1C,
        0x00, 0x00, 0x00, 0x00, 0x00, 0x00, 0x00, 0x00, 0x17, 0xFE, 0xFF, 0x5F,
        0x00, 0x00, 0x00, 0x00, 0x00, 0x00, 0x00, 0x00, 0x00, 0xE2, 0xFF, 0x7E,
        0x00, 0x00, 0x00, 0x00, 0x00, 0x00, 0x00, 0x00, 0x00, 0xE2, 0xFF, 0x7D,
        0x00, 0x00, 0x00, 0x00, 0x00, 0x00, 0x00, 0x00, 0x13, 0xFD, 0xFF, 0x5D,
        0x00, 0x00, 0x00, 0x00, 0x00, 0x00, 0x00, 0x00, 0x8D, 0xFF, 0xFA, 0x19,
        0x4F, 0xB6, 0x5E, 0x2C, 0x10, 0x07, 0x2F, 0x9C, 0xFF, 0xFF, 0x8F, 0x00,
        0x54, 0xFF, 0xFF, 0xFF, 0xFF, 0xFF, 0xFF, 0xFF, 0xFF, 0xA9, 0x05, 0x00,
        0x05, 0x4D, 0xA7, 0xD3, 0xEC, 0xFA, 0xE7, 0xB1, 0x4E, 0x00, 0x00, 0x00,
        0x00, 0x00, 0x00, 0x00, 0x00, 0x00, 0x00, 0x00, 0x00, 0x00, 0x00, 0x00
    },
    {
        0x00, 0x00, 0x00, 0x00, 0x00, 0x00, 0x00, 0x00, 0x00, 0x00, 0x00, 0x00,
        0x00, 0x00, 0x00, 0x00, 0x00, 0x00, 0x00, 0x00, 0x00, 0x00, 0x00, 0x00,
        0x00, 0x00, 0x00, 0x00, 0x00, 0x00, 0x00, 0x00, 0x00, 0x00, 0x00, 0x00,
        0x00, 0x00, 0x00, 0x00, 0x00, 0x00, 0x00, 0x00, 0x00, 0x00, 0x00, 0x00,
        0x00, 0x00, 0x00, 0x00, 0x00, 0x00, 0x00, 0x00, 0x00, 0x00, 0x00, 0x00,
        0x00, 0x00, 0x00, 0x07, 0x73, 0xC8, 0xEE, 0xF9, 0xD4, 0x7B, 0x14, 0x00,
        0x00, 0x00, 0x1A, 0xD7, 0xFF, 0xFF, 0xFF, 0xFF, 0xFF, 0xFF, 0x9C, 0x00,
        0x00, 0x04, 0xCF, 0xFF, 0xE7, 0x61, 0x16, 0x06, 0x25, 0x7C, 0x86, 0x00,
        0x00, 0x68, 0xFF, 0xED, 0x22, 0x00, 0x00, 0x00, 0x00, 0x00, 0x00, 0x00,
        0x00, 0xCB, 0xFF, 0x74, 0x00, 0x00, 0x00, 0x00, 0x00, 0x00, 0x00, 0x00,
        0x13, 0xFF, 0xFF, 0x1A, 0x00, 0x00, 0x00, 0x00, 0x00, 0x00, 0x00, 0x00,
        0x41, 0xFF, 0xE4, 0x00, 0x67, 0xD3, 0xF8, 0xEB, 0xB1, 0x3D, 0x00, 0x00,
        0x5C, 0xFF, 0xC8, 0x8E, 0xFF, 0xFF, 0xFF, 0xFF, 0xFF, 0xFD, 0x65, 0x00,
        0x69, 0xFF, 0xEA, 0xFE, 0xA2, 0x22, 0x06, 0x2E, 0xBE, 0xFF, 0xF9, 0x23,
        0x6B, 0xFF, 0xFF, 0xCA, 0x00, 0x00, 0x00, 0x00, 0x0F, 0xF1, 0xFF, 0x87,
        0x61, 0xFF, 0xFF, 0x5E, 0x00, 0x00, 0x00, 0x00, 0x00, 0x9F, 0xFF, 0xC2,
        0x4E, 0xFF, 0xFF, 0x38, 0x00, 0x00, 0x00, 0x00, 0x00, 0x7F, 0xFF, 0xDB,
        0x2A, 0xFF, 0xFF, 0x37, 0x00, 0x00, 0x00, 0x00, 0x00, 0x7F, 0xFF, 0xDA,
        0x04, 0xF1, 0xFF, 0x5E, 0x00, 0x00, 0x00, 0x00, 0x00, 0x9F, 0xFF, 0xC1,
        0x00, 0xA9, 0xFF, 0xC9, 0x00, 0x00, 0x00, 0x00, 0x0E, 0xF0, 0xFF, 0x84,
        0x00, 0x34, 0xFE, 0xFF, 0xA2, 0x22, 0x09, 0x36, 0xC7, 0xFF, 0xF6, 0x1F,
        0x00, 0x00, 0x74, 0xFF, 0xFF, 0xFF, 0xFF, 0xFF, 0xFF, 0xFB, 0x5B, 0x00,
        0x00, 0x00, 0x00, 0x43, 0xB2, 0xE9, 0xFA, 0xE7, 0xAA, 0x34, 0x00, 0x00,
        0x00, 0x00, 0x00, 0x00, 0x00, 0x00, 0x00, 0x00, 0x00, 0x00, 0x00, 0x00
    },
    {
        0x00, 0x00, 0x00, 0x00, 0x00, 0x00, 0x00, 0x00, 0x00, 0x00, 0x00, 0x00,
        0x00, 0x00, 0x00, 0x00, 0x00, 0x00, 0x00, 0x00, 0x00, 0x00, 0x00, 0x00,
        0x00, 0x00, 0x00, 0x00, 0x00, 0x00, 0x00, 0x00, 0x00, 0x00, 0x00, 0x00,
        0x00, 0x00, 0x00, 0x00, 0x00, 0x00, 0x00, 0x00, 0x00, 0x00, 0x00, 0x00,
        0x00, 0x00, 0x00, 0x00, 0x00, 0x00, 0x00, 0x00, 0x00, 0x00, 0x00, 0x00,
        0x60, 0xFF, 0xFF, 0xFF, 0xFF, 0xFF, 0xFF, 0xFF, 0xFF, 0xFF, 0xFF, 0xA4,
        0x60, 0xFF, 0xFF, 0xFF, 0xFF, 0xFF, 0xFF, 0xFF, 0xFF, 0xFF, 0xFF, 0x77,
        0x00, 0x00, 0x00, 0x00, 0x00, 0x00, 0x00, 0x00, 0x2C, 0xFF, 0xFD, 0x1B,
        0x00, 0x00, 0x00, 0x00, 0x00, 0x00, 0x00, 0x00, 0x8F, 0xFF, 0xBB, 0x00,
        0x00, 0x00, 0x00, 0x00, 0x00, 0x00, 0x00, 0x05, 0xEA, 0xFF, 0x5C, 0x00,
        0x00, 0x00, 0x00, 0x00, 0x00, 0x00, 0x00, 0x52, 0xFF, 0xF3, 0x0A, 0x00,
        0x00, 0x00, 0x00, 0x00, 0x00, 0x00, 0x00, 0xB3, 0xFF, 0xA0, 0x00, 0x00,
        0x00, 0x00, 0x00, 0x00, 0x00, 0x00, 0x18, 0xFB, 0xFF, 0x41, 0x00, 0x00,
        0x00, 0x00, 0x00, 0x00, 0x00, 0x00, 0x76, 0xFF, 0xE1, 0x01, 0x00, 0x00,
        0x00, 0x00, 0x00, 0x00, 0x00, 0x00, 0xD7, 0xFF, 0x85, 0x00, 0x00, 0x00,
        0x00, 0x00, 0x00, 0x00, 0x00, 0x39, 0xFF, 0xFF, 0x27, 0x00, 0x00, 0x00,
        0x00, 0x00, 0x00, 0x00, 0x00, 0x9B, 0xFF, 0xC8, 0x00, 0x00, 0x00, 0x00,
        0x00, 0x00, 0x00, 0x00, 0x0A, 0xF1, 0xFF, 0x6A, 0x00, 0x00, 0x00, 0x00,
        0x00, 0x00, 0x00, 0x00, 0x5E, 0xFF, 0xF9, 0x12, 0x00, 0x00, 0x00, 0x00,
        0x00, 0x00, 0x00, 0x00, 0xBF, 0xFF, 0xAD, 0x00, 0x00, 0x00, 0x00, 0x00,
        0x00, 0x00, 0x00, 0x21, 0xFE, 0xFF, 0x4F, 0x00, 0x00, 0x00, 0x00, 0x00,
        0x00, 0x00, 0x00, 0x82, 0xFF, 0xEB, 0x05, 0x00, 0x00, 0x00, 0x00, 0x00,
        0x00, 0x00, 0x02, 0xE1, 0xFF, 0x93, 0x00, 0x00, 0x00, 0x00, 0x00, 0x00,
        0x00, 0x00, 0x00, 0x00, 0x00, 0x00, 0x00, 0x00, 0x00, 0x00, 0x00, 0x00
    },
    {
        0x00, 0x00, 0x00, 0x00, 0x00, 0x00, 0x00, 0x00, 0x00, 0x00, 0x00, 0x00,
        0x00, 0x00, 0x00, 0x00, 0x00, 0x00, 0x00, 0x00, 0x00, 0x00, 0x00, 0x00,
        0x00, 0x00, 0x00, 0x00, 0x00, 0x00, 0x00, 0x00, 0x00, 0x00, 0x00, 0x00,
        0x00, 0x00, 0x00, 0x00, 0x00, 0x00, 0x00, 0x00, 0x00, 0x00, 0x00, 0x00,
        0x00, 0x00, 0x00, 0x00, 0x00, 0x00, 0x00, 0x00, 0x00, 0x00, 0x00, 0x00,
        0x00, 0x00, 0x05, 0x6F, 0xC9, 0xF2, 0xF9, 0xE0, 0x9E, 0x28, 0x00, 0x00,
        0x00, 0x0A, 0xC5, 0xFF, 0xFF, 0xFF, 0xFF, 0xFF, 0xFF, 0xF6, 0x49, 0x00,
        0x00, 0x88, 0xFF, 0xFE, 0x7E, 0x1D, 0x0D, 0x42, 0xD8, 0xFF, 0xEC, 0x0E,
        0x00, 0xE4, 0xFF, 0xA3, 0x00, 0x00, 0x00, 0x00, 0x2F, 0xFF, 0xFF, 0x56,
        0x05, 0xFF, 0xFF, 0x5F, 0x00, 0x00, 0x00, 0x00, 0x00, 0xEC, 0xFF, 0x78,
        0x00, 0xF0, 0xFF, 0x5D, 0x00, 0x00, 0x00, 0x00, 0x00, 0xE9, 0xFF, 0x63,
        0x00, 0xAC, 0xFF, 0x9F, 0x00, 0x00, 0x00, 0x00, 0x2C, 0xFF, 0xFC, 0x24,
        0x00, 0x26, 0xEA, 0xFD, 0x7B, 0x1B, 0x0C, 0x41, 0xD6, 0xFF, 0x85, 0x00,
        0x00, 0x00, 0x25, 0xA8, 0xFD, 0xFF, 0xFF, 0xFF, 0xDB, 0x63, 0x00, 0x00,
        0x00, 0x00, 0x66, 0xD5, 0xFF, 0xFF, 0xFF, 0xFF, 0xF3, 0xA2, 0x18, 0x00,
        0x00, 0x8A, 0xFF, 0xEC, 0x62, 0x1A, 0x0C, 0x37, 0xBB, 0xFF, 0xE4, 0x16,
        0x22, 0xFC, 0xFF, 0x4E, 0x00, 0x00, 0x00, 0x00, 0x07, 0xD7, 0xFF, 0x91,
        0x5B, 0xFF, 0xFB, 0x05, 0x00, 0x00, 0x00, 0x00, 0x00, 0x8E, 0xFF, 0xCF,
        0x70, 0xFF, 0xFB, 0x06, 0x00, 0x00, 0x00, 0x00, 0x00, 0x8E, 0xFF, 0xE4,
        0x50, 0xFF, 0xFF, 0x52, 0x00, 0x00, 0x00, 0x00, 0x06, 0xD5, 0xFF, 0xC1,
        0x0A, 0xE7, 0xFF, 0xED, 0x63, 0x19, 0x0B, 0x34, 0xB5, 0xFF, 0xFF, 0x62,
        0x00, 0x3F, 0xF1, 0xFF, 0xFF, 0xFF, 0xFF, 0xFF, 0xFF, 0xFF, 0x9E, 0x01,
        0x00, 0x00, 0x1C, 0x8D, 0xD3, 0xF5, 0xFA, 0xE6, 0xB1, 0x4E, 0x00, 0x00,
        0x00, 0x00, 0x00, 0x00, 0x00, 0x00, 0x00, 0x00, 0x00, 0x00, 0x00, 0x00
    },
    {
        0x00, 0x00, 0x00, 0x00, 0x00, 0x00, 0x00, 0x00, 0x00, 0x00, 0x00, 0x00,
        0x00, 0x00, 0x00, 0x00, 0x00, 0x00, 0x00, 0x00, 0x00, 0x00, 0x00, 0x00,
        0x00, 0x00, 0x00, 0x00, 0x00, 0x00, 0x00, 0x00, 0x00, 0x00, 0x00, 0x00,
        0x00, 0x00, 0x00, 0x00, 0x00, 0x00, 0x00, 0x00, 0x00, 0x00, 0x00, 0x00,
        0x00, 0x00, 0x00, 0x00, 0x00, 0x00, 0x00, 0x00, 0x00, 0x00, 0x00, 0x00,
        0x00, 0x00, 0x12, 0x86, 0xD6, 0xF6, 0xF1, 0xCC, 0x73, 0x05, 0x00, 0x00,
        0x00, 0x1D, 0xDD, 0xFF, 0xFF, 0xFF, 0xFF, 0xFF, 0xFF, 0xC6, 0x09, 0x00,
        0x00, 0xB9, 0xFF, 0xEF, 0x58, 0x0C, 0x0F, 0x62, 0xF5, 0xFF, 0x90, 0x00,
        0x27, 0xFF, 0xFF, 0x64, 0x00, 0x00, 0x00, 0x00, 0x6B, 0xFF, 0xF7, 0x10,
        0x63, 0xFF, 0xFC, 0x06, 0x00, 0x00, 0x00, 0x00, 0x06, 0xF7, 0xFF, 0x56,
        0x7C, 0xFF, 0xE2, 0x00, 0x00, 0x00, 0x00, 0x00, 0x00, 0xD8, 0xFF, 0x8C,
        0x7C, 0xFF, 0xE1, 0x00, 0x00, 0x00, 0x00, 0x00, 0x00, 0xD9, 0xFF, 0xB0,
        0x62, 0xFF, 0xFB, 0x06, 0x00, 0x00, 0x00, 0x00, 0x06, 0xF7, 0xFF, 0xC3,
        0x27, 0xFF, 0xFF, 0x60, 0x00, 0x00, 0x00, 0x00, 0x6B, 0xFF, 0xFF, 0xCE,
        0x00, 0xBC, 0xFF, 0xF1, 0x5F, 0x16, 0x0E, 0x62, 0xF5, 0xE9, 0xFF, 0xCC,
        0x00, 0x21, 0xE3, 0xFF, 0xFF, 0xFF, 0xFF, 0xFF, 0xDC, 0x7F, 0xFF, 0xBF,
        0x00, 0x00, 0x16, 0x8E, 0xDC, 0xF8, 0xE8, 0x9C, 0x17, 0x8A, 0xFF, 0xA4,
        0x00, 0x00, 0x00, 0x00, 0x00, 0x00, 0x00, 0x00, 0x00, 0xBE, 0xFF, 0x77,
        0x00, 0x00, 0x00, 0x00, 0x00, 0x00, 0x00, 0x00, 0x1C, 0xFB, 0xFF, 0x2F,
        0x00, 0x00, 0x00, 0x00, 0x00, 0x00, 0x00, 0x01, 0xAF, 0xFF, 0xCC, 0x00,
        0x00, 0x38, 0xA5, 0x3E, 0x14, 0x0A, 0x3B, 0xB7, 0xFF, 0xFC, 0x3C, 0x00,
        0x00, 0x3C, 0xFF, 0xFF, 0xFF, 0xFF, 0xFF, 0xFF, 0xF9, 0x5F, 0x00, 0x00,
        0x00, 0x03, 0x54, 0xBA, 0xE7, 0xF7, 0xDE, 0x9A, 0x28, 0x00, 0x00, 0x00,
        0x00, 0x00, 0x00, 0x00, 0x00, 0x00, 0x00, 0x00, 0x00, 0x00, 0x00, 0x00
    },
    {
        0x00, 0x00, 0x00, 0x00, 0x00, 0x00, 0x00, 0x00, 0x00, 0x00, 0x00, 0x00,
        0x00, 0x00, 0x00, 0x00, 0x00, 0x00, 0x00, 0x00, 0x00, 0x00, 0x00, 0x00,
        0x00, 0x00, 0x00, 0x00, 0x00, 0x00, 0x00, 0x00, 0x00, 0x00, 0x00, 0x00,
        0x00, 0x00, 0x00, 0x00, 0x00, 0x00, 0x00, 0x00, 0x00, 0x00, 0x00, 0x00,
        0x00, 0x00, 0x00, 0x00, 0x00, 0x00, 0x00, 0x00, 0x00, 0x00, 0x00, 0x00,
        0x00, 0x00, 0x00, 0x00, 0x00, 0x00, 0x00, 0x00, 0x00, 0x00, 0x00, 0x00,
        0x00, 0x00, 0x00, 0x00, 0x00, 0x00, 0x00, 0x00, 0x00, 0x00, 0x00, 0x00,
        0x00, 0x00, 0x00, 0x00, 0x00, 0x00, 0x00, 0x00, 0x00, 0x00, 0x00, 0x00,
        0x00, 0x00, 0x00, 0x00, 0x00, 0x00, 0x00, 0x00, 0x00, 0x00, 0x00, 0x00,
        0x00, 0x00, 0x00, 0x00, 0x00, 0x00, 0x00, 0x00, 0x00, 0x00, 0x00, 0x00,
        0x00, 0x00, 0x00, 0x00, 0x00, 0x00, 0x00, 0x00, 0x00, 0x00, 0x00, 0x00,
        0x00, 0x00, 0x00, 0x00, 0x44, 0xFF, 0xFF, 0xB0, 0x00, 0x00, 0x00, 0x00,
        0x00, 0x00, 0x00, 0x00, 0x44, 0xFF, 0xFF, 0xB0, 0x00, 0x00, 0x00, 0x00,
        0x00, 0x00, 0x00, 0x00, 0x44, 0xFF, 0xFF, 0xB0, 0x00, 0x00, 0x00, 0x00,
        0x00, 0x00, 0x00, 0x00, 0x44, 0xFF, 0xFF, 0xB0, 0x00, 0x00, 0x00, 0x00,
        0x00, 0x00, 0x00, 0x00, 0x00, 0x00, 0x00, 0x00, 0x00, 0x00, 0x00, 0x00,
        0x00, 0x00, 0x00, 0x00, 0x00, 0x00, 0x00, 0x00, 0x00, 0x00, 0x00, 0x00,
        0x00, 0x00, 0x00, 0x00, 0x00, 0x00, 0x00, 0x00, 0x00, 0x00, 0x00, 0x00,
        0x00, 0x00, 0x00, 0x00, 0x00, 0x00, 0x00, 0x00, 0x00, 0x00, 0x00, 0x00,
        0x00, 0x00, 0x00, 0x00, 0x44, 0xFF, 0xFF, 0xB0, 0x00, 0x00, 0x00, 0x00,
        0x00, 0x00, 0x00, 0x00, 0x44, 0xFF, 0xFF, 0xB0, 0x00, 0x00, 0x00, 0x00,
        0x00, 0x00, 0x00, 0x00, 0x44, 0xFF, 0xFF, 0xB0, 0x00, 0x00, 0x00, 0x00,
        0x00, 0x00, 0x00, 0x00, 0x44, 0xFF, 0xFF, 0xB0, 0x00, 0x00, 0x00, 0x00,
        0x00, 0x00, 0x00, 0x00, 0x00, 0x00, 0x00, 0x00, 0x00, 0x00, 0x00, 0x00
    },
    {
        0x00, 0x00, 0x00, 0x00, 0x00, 0x00, 0x00, 0x00, 0x00, 0x00, 0x00, 0x00,
        0x00, 0x00, 0x00, 0x00, 0x00, 0x00, 0x00, 0x00, 0x00, 0x00, 0x00, 0x00,
        0x00, 0x00, 0x00, 0x00, 0x00, 0x00, 0x00, 0x00, 0x00, 0x00, 0x00, 0x00,
        0x00, 0x00, 0x00, 0x00, 0x00, 0x00, 0x00, 0x00, 0x00, 0x00, 0x00, 0x00,
        0x00, 0x00, 0x00, 0x00, 0x00, 0x00, 0x00, 0x00, 0x00, 0x00, 0x00, 0x00,
        0x00, 0x00, 0x00, 0x00, 0x00, 0x00, 0x00, 0x00, 0x00, 0x00, 0x00, 0x00,
        0x00, 0x00, 0x00, 0x00, 0x00, 0x00, 0x00, 0x00, 0x00, 0x00, 0x00, 0x00,
        0x00, 0x00, 0x00, 0x00, 0x00, 0x00, 0x00, 0x00, 0x00, 0x00, 0x00, 0x00,
        0x00, 0x00, 0x00, 0x00, 0x00, 0x00, 0x00, 0x00, 0x00, 0x00, 0x00, 0x00,
        0x00, 0x00, 0x00, 0x00, 0x00, 0x00, 0x00, 0x00, 0x00, 0x00, 0x00, 0x00,
        0x00, 0x00, 0x00, 0x00, 0x00, 0x00, 0x00, 0x00, 0x00, 0x00, 0x00, 0x00,
        0x00, 0x00, 0x00, 0x00, 0x44, 0xFF, 0xFF, 0xB0, 0x00, 0x00, 0x00, 0x00,
        0x00, 0x00, 0x00, 0x00, 0x44, 0xFF, 0xFF, 0xB0, 0x00, 0x00, 0x00, 0x00,
        0x00, 0x00, 0x00, 0x00, 0x44, 0xFF, 0xFF, 0xB0, 0x00, 0x00, 0x00, 0x00,
        0x00, 0x00, 0x00, 0x00, 0x44, 0xFF, 0xFF, 0xB0, 0x00, 0x00, 0x00, 0x00,
        0x00, 0x00, 0x00, 0x00, 0x00, 0x00, 0x00, 0x00, 0x00, 0x00, 0x00, 0x00,
        0x00, 0x00, 0x00, 0x00, 0x00, 0x00, 0x00, 0x00, 0x00, 0x00, 0x00, 0x00,
        0x00, 0x00, 0x00, 0x00, 0x00, 0x00, 0x00, 0x00, 0x00, 0x00, 0x00, 0x00,
        0x00, 0x00, 0x00, 0x00, 0x00, 0x00, 0x00, 0x00, 0x00, 0x00, 0x00, 0x00,
        0x00, 0x00, 0x00, 0x00, 0x1C, 0xFF, 0xFF, 0xD8, 0x00, 0x00, 0x00, 0x00,
        0x00, 0x00, 0x00, 0x00, 0x1C, 0xFF, 0xFF, 0xD8, 0x00, 0x00, 0x00, 0x00,
        0x00, 0x00, 0x00, 0x00, 0x26, 0xFF, 0xFF, 0xC4, 0x00, 0x00, 0x00, 0x00,
        0x00, 0x00, 0x00, 0x00, 0x62, 0xFF, 0xFF, 0x4F, 0x00, 0x00, 0x00, 0x00,
        0x00, 0x00, 0x00, 0x00, 0xA4, 0xFF, 0xCC, 0x00, 0x00, 0x00, 0x00, 0x00
    },
    {
        0x00, 0x00, 0x00, 0x00, 0x00, 0x00, 0x00, 0x00, 0x00, 0x00, 0x00, 0x00,
        0x00, 0x00, 0x00, 0x00, 0x00, 0x00, 0x00, 0x00, 0x00, 0x00, 0x00, 0x00,
        0x00, 0x00, 0x00, 0x00, 0x00, 0x00, 0x00, 0x00, 0x00, 0x00, 0x00, 0x00,
        0x00, 0x00, 0x00, 0x00, 0x00, 0x00, 0x00, 0x00, 0x00, 0x00, 0x00, 0x00,
        0x00, 0x00, 0x00, 0x00, 0x00, 0x00, 0x00, 0x00, 0x00, 0x00, 0x00, 0x00,
        0x00, 0x00, 0x00, 0x00, 0x00, 0x00, 0x00, 0x00, 0x00, 0x00, 0x00, 0x00,
        0x00, 0x00, 0x00, 0x00, 0x00, 0x00, 0x00, 0x00, 0x00, 0x00, 0x00, 0x00,
        0x00, 0x00, 0x00, 0x00, 0x00, 0x00, 0x00, 0x00, 0x00, 0x00, 0x00, 0x00,
        0x00, 0x00, 0x00, 0x00, 0x00, 0x00, 0x00, 0x00, 0x00, 0x00, 0x00, 0x00,
        0x00, 0x00, 0x00, 0x00, 0x00, 0x00, 0x00, 0x00, 0x00, 0x00, 0x00, 0x00,
        0x00, 0x00, 0x00, 0x00, 0x00, 0x00, 0x00, 0x00, 0x00, 0x00, 0x39, 0xA0,
        0x00, 0x00, 0x00, 0x00, 0x00, 0x00, 0x00, 0x0E, 0x6A, 0xD1, 0xFF, 0xFF,
        0x00, 0x00, 0x00, 0x00, 0x00, 0x34, 0x9B, 0xF4, 0xFF, 0xFF, 0xE6, 0x87,
        0x00, 0x00, 0x0C, 0x65, 0xCD, 0xFF, 0xFF, 0xFB, 0xAF, 0x4D, 0x03, 0x00,
        0x30, 0x97, 0xF2, 0xFF, 0xFF, 0xD6, 0x75, 0x17, 0x00, 0x00, 0x00, 0x00,
        0xF8, 0xFF, 0xF3, 0x9D, 0x3A, 0x00, 0x00, 0x00, 0x00, 0x00, 0x00, 0x00,
        0xF8, 0xFF, 0xEF, 0x95, 0x34, 0x00, 0x00, 0x00, 0x00, 0x00, 0x00, 0x00,
        0x31, 0x98, 0xF2, 0xFF, 0xFF, 0xD2, 0x71, 0x15, 0x00, 0x00, 0x00, 0x00,
        0x00, 0x00, 0x0C, 0x66, 0xCD, 0xFF, 0xFF, 0xFA, 0xAE, 0x4C, 0x03, 0x00,
        0x00, 0x00, 0x00, 0x00, 0x00, 0x35, 0x9C, 0xF4, 0xFF, 0xFF, 0xE6, 0x89,
        0x00, 0x00, 0x00, 0x00, 0x00, 0x00, 0x00, 0x0E, 0x6B, 0xD2, 0xFF, 0xFF,
        0x00, 0x00, 0x00, 0x00, 0x00, 0x00, 0x00, 0x00, 0x00, 0x00, 0x3A, 0xA1,
        0x00, 0x00, 0x00, 0x00, 0x00, 0x00, 0x00, 0x00, 0x00, 0x00, 0x00, 0x00,
        0x00, 0x00, 0x00, 0x00, 0x00, 0x00, 0x00, 0x00, 0x00, 0x00, 0x00, 0x00
    },
    {
        0x00, 0x00, 0x00, 0x00, 0x00, 0x00, 0x00, 0x00, 0x00, 0x00, 0x00, 0x00,
        0x00, 0x00, 0x00, 0x00, 0x00, 0x00, 0x00, 0x00, 0x00, 0x00, 0x00, 0x00,
        0x00, 0x00, 0x00, 0x00, 0x00, 0x00, 0x00, 0x00, 0x00, 0x00, 0x00, 0x00,
        0x00, 0x00, 0x00, 0x00, 0x00, 0x00, 0x00, 0x00, 0x00, 0x00, 0x00, 0x00,
        0x00, 0x00, 0x00, 0x00, 0x00, 0x00, 0x00, 0x00, 0x00, 0x00, 0x00, 0x00,
        0x00, 0x00, 0x00, 0x00, 0x00, 0x00, 0x00, 0x00, 0x00, 0x00, 0x00, 0x00,
        0x00, 0x00, 0x00, 0x00, 0x00, 0x00, 0x00, 0x00, 0x00, 0x00, 0x00, 0x00,
        0x00, 0x00, 0x00, 0x00, 0x00, 0x00, 0x00, 0x00, 0x00, 0x00, 0x00, 0x00,
        0x00, 0x00, 0x00, 0x00, 0x00, 0x00, 0x00, 0x00, 0x00, 0x00, 0x00, 0x00,
        0x00, 0x00, 0x00, 0x00, 0x00, 0x00, 0x00, 0x00, 0x00, 0x00, 0x00, 0x00,
        0x00, 0x00, 0x00, 0x00, 0x00, 0x00, 0x00, 0x00, 0x00, 0x00, 0x00, 0x00,
        0x00, 0x00, 0x00, 0x00, 0x00, 0x00, 0x00, 0x00, 0x00, 0x00, 0x00, 0x00,
        0xF8, 0xFF, 0xFF, 0xFF, 0xFF, 0xFF, 0xFF, 0xFF, 0xFF, 0xFF, 0xFF, 0xFF,
        0xF8, 0xFF, 0xFF, 0xFF, 0xFF, 0xFF, 0xFF, 0xFF, 0xFF, 0xFF, 0xFF, 0xFF,
        0x00, 0x00, 0x00, 0x00, 0x00, 0x00, 0x00, 0x00, 0x00, 0x00, 0x00, 0x00,
        0x00, 0x00, 0x00, 0x00, 0x00, 0x00, 0x00, 0x00, 0x00, 0x00, 0x00, 0x00,
        0x00, 0x00, 0x00, 0x00, 0x00, 0x00, 0x00, 0x00, 0x00, 0x00, 0x00, 0x00,
        0xF8, 0xFF, 0xFF, 0xFF, 0xFF, 0xFF, 0xFF, 0xFF, 0xFF, 0xFF, 0xFF, 0xFF,
        0xF8, 0xFF, 0xFF, 0xFF, 0xFF, 0xFF, 0xFF, 0xFF, 0xFF, 0xFF, 0xFF, 0xFF,
        0x00, 0x00, 0x00, 0x00, 0x00, 0x00, 0x00, 0x00, 0x00, 0x00, 0x00, 0x00,
        0x00, 0x00, 0x00, 0x00, 0x00, 0x00, 0x00, 0x00, 0x00, 0x00, 0x00, 0x00,
        0x00, 0x00, 0x00, 0x00, 0x00, 0x00, 0x00, 0x00, 0x00, 0x00, 0x00, 0x00,
        0x00, 0x00, 0x00, 0x00, 0x00, 0x00, 0x00, 0x00, 0x00, 0x00, 0x00, 0x00,
        0x00, 0x00, 0x00, 0x00, 0x00, 0x00, 0x00, 0x00, 0x00, 0x00, 0x00, 0x00
    },
    {
        0x00, 0x00, 0x00, 0x00, 0x00, 0x00, 0x00, 0x00, 0x00, 0x00, 0x00, 0x00,
        0x00, 0x00, 0x00, 0x00, 0x00, 0x00, 0x00, 0x00, 0x00, 0x00, 0x00, 0x00,
        0x00, 0x00, 0x00, 0x00, 0x00, 0x00, 0x00, 0x00, 0x00, 0x00, 0x00, 0x00,
        0x00, 0x00, 0x00, 0x00, 0x00, 0x00, 0x00, 0x00, 0x00, 0x00, 0x00, 0x00,
        0x00, 0x00, 0x00, 0x00, 0x00, 0x00, 0x00, 0x00, 0x00, 0x00, 0x00, 0x00,
        0x00, 0x00, 0x00, 0x00, 0x00, 0x00, 0x00, 0x00, 0x00, 0x00, 0x00, 0x00,
        0x00, 0x00, 0x00, 0x00, 0x00, 0x00, 0x00, 0x00, 0x00, 0x00, 0x00, 0x00,
        0x00, 0x00, 0x00, 0x00, 0x00, 0x00, 0x00, 0x00, 0x00, 0x00, 0x00, 0x00,
        0x00, 0x00, 0x00, 0x00, 0x00, 0x00, 0x00, 0x00, 0x00, 0x00, 0x00, 0x00,
        0x00, 0x00, 0x00, 0x00, 0x00, 0x00, 0x00, 0x00, 0x00, 0x00, 0x00, 0x00,
        0xC6, 0x67, 0x0D, 0x00, 0x00, 0x00, 0x00, 0x00, 0x00, 0x00, 0x00, 0x00,
        0xF8, 0xFF, 0xF3, 0x99, 0x32, 0x00, 0x00, 0x00, 0x00, 0x00, 0x00, 0x00,
        0x59, 0xBD, 0xFE, 0xFF, 0xFF, 0xCA, 0x63, 0x0B, 0x00, 0x00, 0x00, 0x00,
        0x00, 0x00, 0x21, 0x83, 0xE2, 0xFF, 0xFF, 0xF1, 0x94, 0x2D, 0x00, 0x00,
        0x00, 0x00, 0x00, 0x00, 0x02, 0x48, 0xAB, 0xF9, 0xFF, 0xFF, 0xC6, 0x5E,
        0x00, 0x00, 0x00, 0x00, 0x00, 0x00, 0x00, 0x14, 0x70, 0xD3, 0xFF, 0xFF,
        0x00, 0x00, 0x00, 0x00, 0x00, 0x00, 0x00, 0x10, 0x69, 0xCA, 0xFF, 0xFF,
        0x00, 0x00, 0x00, 0x00, 0x02, 0x44, 0xA6, 0xF7, 0xFF, 0xFF, 0xC7, 0x5F,
        0x00, 0x00, 0x21, 0x81, 0xE1, 0xFF, 0xFF, 0xF1, 0x95, 0x2E, 0x00, 0x00,
        0x5C, 0xBE, 0xFE, 0xFF, 0xFF, 0xCB, 0x64, 0x0B, 0x00, 0x00, 0x00, 0x00,
        0xF8, 0xFF, 0xF3, 0x9A, 0x32, 0x00, 0x00, 0x00, 0x00, 0x00, 0x00, 0x00,
        0xC7, 0x68, 0x0D, 0x00, 0x00, 0x00, 0x00, 0x00, 0x00, 0x00, 0x00, 0x00,
        0x00, 0x00, 0x00, 0x00, 0x00, 0x00, 0x00, 0x00, 0x00, 0x00, 0x00, 0x00,
        0x00, 0x00, 0x00, 0x00, 0x00, 0x00, 0x00, 0x00, 0x00, 0x00, 0x00, 0x00
    },
    {
        0x00, 0x00, 0x00, 0x00, 0x00, 0x00, 0x00, 0x00, 0x00, 0x00, 0x00, 0x00,
        0x00, 0x00, 0x00, 0x00, 0x00, 0x00, 0x00, 0x00, 0x00, 0x00, 0x00, 0x00,
        0x00, 0x00, 0x00, 0x00, 0x00, 0x00, 0x00, 0x00, 0x00, 0x00, 0x00, 0x00,
        0x00, 0x00, 0x00, 0x00, 0x00, 0x00, 0x00, 0x00, 0x00, 0x00, 0x00, 0x00,
        0x00, 0x00, 0x00, 0x00, 0x00, 0x00, 0x00, 0x00, 0x00, 0x00, 0x00, 0x00,
        0x00, 0x00, 0x00, 0x2F, 0xA3, 0xE5, 0xFA, 0xE5, 0xA3, 0x28, 0x00, 0x00,
        0x00, 0x01, 0x82, 0xFD, 0xFF, 0xFF, 0xFF, 0xFF, 0xFF, 0xF5, 0x39, 0x00,
        0x00, 0x24, 0xFF, 0xCF, 0x55, 0x11, 0x12, 0x5C, 0xF0, 0xFF, 0xD3, 0x00,
        0x00, 0x22, 0x80, 0x02, 0x00, 0x00, 0x00, 0x00, 0x68, 0xFF, 0xFF, 0x1B,
        0x00, 0x00, 0x00, 0x00, 0x00, 0x00, 0x00, 0x00, 0x35, 0xFF, 0xFF, 0x27,
        0x00, 0x00, 0x00, 0x00, 0x00, 0x00, 0x00, 0x00, 0x71, 0xFF, 0xEF, 0x06,
        0x00, 0x00, 0x00, 0x00, 0x00, 0x00, 0x00, 0x32, 0xF2, 0xFF, 0x70, 0x00,
        0x00, 0x00, 0x00, 0x00, 0x00, 0x00, 0x3C, 0xEF, 0xFF, 0x9E, 0x00, 0x00,
        0x00, 0x00, 0x00, 0x00, 0x00, 0x34, 0xF3, 0xFF, 0x98, 0x02, 0x00, 0x00,
        0x00, 0x00, 0x00, 0x00, 0x00, 0xD3, 0xFF, 0x9C, 0x00, 0x00, 0x00, 0x00,
        0x00, 0x00, 0x00, 0x00, 0x1F, 0xFF, 0xFF, 0x22, 0x00, 0x00, 0x00, 0x00,
        0x00, 0x00, 0x00, 0x00, 0x33, 0xFF, 0xFF, 0x04, 0x00, 0x00, 0x00, 0x00,
        0x00, 0x00, 0x00, 0x00, 0x34, 0xFF, 0xFF, 0x04, 0x00, 0x00, 0x00, 0x00,
        0x00, 0x00, 0x00, 0x00, 0x00, 0x00, 0x00, 0x00, 0x00, 0x00, 0x00, 0x00,
        0x00, 0x00, 0x00, 0x00, 0x00, 0x00, 0x00, 0x00, 0x00, 0x00, 0x00, 0x00,
        0x00, 0x00, 0x00, 0x00, 0x4C, 0xFF, 0xFF, 0x18, 0x00, 0x00, 0x00, 0x00,
        0x00, 0x00, 0x00, 0x00, 0x4C, 0xFF, 0xFF, 0x18, 0x00, 0x00, 0x00, 0x00,
        0x00, 0x00, 0x00, 0x00, 0x4C, 0xFF, 0xFF, 0x18, 0x00, 0x00, 0x00, 0x00,
        0x00, 0x00, 0x00, 0x00, 0x00, 0x00, 0x00, 0x00, 0x00, 0x00, 0x00, 0x00
    },
    {
        0x00, 0x00, 0x00, 0x00, 0x00, 0x00, 0x00, 0x00, 0x00, 0x00, 0x00, 0x00,
        0x00, 0x00, 0x00, 0x00, 0x00, 0x00, 0x00, 0x00, 0x00, 0x00, 0x00, 0x00,
        0x00, 0x00, 0x00, 0x00, 0x00, 0x00, 0x00, 0x00, 0x00, 0x00, 0x00, 0x00,
        0x00, 0x00, 0x00, 0x00, 0x00, 0x00, 0x00, 0x00, 0x00, 0x00, 0x00, 0x00,
        0x00, 0x00, 0x00, 0x00, 0x00, 0x00, 0x00, 0x00, 0x00, 0x00, 0x00, 0x00,
        0x00, 0x00, 0x00, 0x00, 0x00, 0x00, 0x00, 0x00, 0x00, 0x00, 0x00, 0x00,
        0x00, 0x00, 0x00, 0x00, 0x00, 0x00, 0x00, 0x00, 0x00, 0x00, 0x00, 0x00,
        0x00, 0x00, 0x00, 0x0E, 0x73, 0xC3, 0xE8, 0xF9, 0xE3, 0x9C, 0x22, 0x00,
        0x00, 0x00, 0x47, 0xE6, 0xFF, 0xFF, 0xFF, 0xFF, 0xFF, 0xFF, 0xF1, 0x3B,
        0x00, 0x49, 0xF9, 0xFF, 0xB5, 0x4C, 0x16, 0x06, 0x2A, 0x9F, 0xFF, 0xE6,
        0x16, 0xEC, 0xFE, 0x6B, 0x00, 0x00, 0x00, 0x00, 0x00, 0x00, 0x99, 0xFF,
        0x95, 0xFF, 0x89, 0x00, 0x00, 0x00, 0x00, 0x00, 0x00, 0x00, 0x1B, 0xFF,
        0xF1, 0xEB, 0x09, 0x00, 0x00, 0x1A, 0xA1, 0xEC, 0xF3, 0xB1, 0x1E, 0xE9,
        0xFF, 0x8F, 0x00, 0x00, 0x17, 0xE2, 0xFF, 0xFF, 0xFF, 0xFF, 0xDE, 0xE9,
        0xFF, 0x50, 0x00, 0x00, 0xA1, 0xFF, 0xC1, 0x30, 0x0C, 0x41, 0xDB, 0xFF,
        0xFF, 0x27, 0x00, 0x06, 0xF6, 0xEE, 0x11, 0x00, 0x00, 0x00, 0x31, 0xFF,
        0xFF, 0x16, 0x00, 0x23, 0xFF, 0xB7, 0x00, 0x00, 0x00, 0x00, 0x00, 0xE8,
        0xFF, 0x18, 0x00, 0x23, 0xFF, 0xB7, 0x00, 0x00, 0x00, 0x00, 0x00, 0xE8,
        0xFF, 0x2B, 0x00, 0x06, 0xF6, 0xEE, 0x10, 0x00, 0x00, 0x00, 0x30, 0xFF,
        0xFF, 0x5D, 0x00, 0x00, 0xA2, 0xFF, 0xBF, 0x2E, 0x0B, 0x3F, 0xD9, 0xFF,
        0xFF, 0xA6, 0x00, 0x00, 0x18, 0xE2, 0xFF, 0xFF, 0xFF, 0xFF, 0xE0, 0xE9,
        0xE0, 0xFA, 0x1E, 0x00, 0x00, 0x1B, 0xA2, 0xED, 0xF5, 0xB8, 0x23, 0xE0,
        0x70, 0xFF, 0xBE, 0x03, 0x00, 0x00, 0x00, 0x00, 0x00, 0x00, 0x00, 0x00,
        0x04, 0xC8, 0xFF, 0xB0, 0x0C, 0x00, 0x00, 0x00, 0x00, 0x00, 0x00, 0x00
    },
    {
        0x00, 0x00, 0x00, 0x00, 0x00, 0x00, 0x00, 0x00, 0x00, 0x00, 0x00, 0x00,
        0x00, 0x00, 0x00, 0x00, 0x00, 0x00, 0x00, 0x00, 0x00, 0x00, 0x00, 0x00,
        0x00, 0x00, 0x00, 0x00, 0x00, 0x00, 0x00, 0x00, 0x00, 0x00, 0x00, 0x00,
        0x00, 0x00, 0x00, 0x00, 0x00, 0x00, 0x00, 0x00, 0x00, 0x00, 0x00, 0x00,
        0x00, 0x00, 0x00, 0x00, 0x00, 0x00, 0x00, 0x00, 0x00, 0x00, 0x00, 0x00,
        0x00, 0x00, 0x00, 0x00, 0x5B, 0xFF, 0xFF, 0xCD, 0x00, 0x00, 0x00, 0x00,
        0x00, 0x00, 0x00, 0x00, 0xA7, 0xFF, 0xFF, 0xFF, 0x1B, 0x00, 0x00, 0x00,
        0x00, 0x00, 0x00, 0x04, 0xEE, 0xFF, 0xDC, 0xFF, 0x66, 0x00, 0x00, 0x00,
        0x00, 0x00, 0x00, 0x3F, 0xFF, 0xE6, 0x77, 0xFF, 0xB2, 0x00, 0x00, 0x00,
        0x00, 0x00, 0x00, 0x8B, 0xFF, 0xA4, 0x35, 0xFF, 0xF5, 0x08, 0x00, 0x00,
        0x00, 0x00, 0x00, 0xD8, 0xFF, 0x63, 0x03, 0xF0, 0xFF, 0x4B, 0x00, 0x00,
        0x00, 0x00, 0x23, 0xFF, 0xFF, 0x21, 0x00, 0xB2, 0xFF, 0x97, 0x00, 0x00,
        0x00, 0x00, 0x70, 0xFF, 0xDF, 0x00, 0x00, 0x70, 0xFF, 0xE2, 0x00, 0x00,
        0x00, 0x00, 0xBC, 0xFF, 0x9D, 0x00, 0x00, 0x2E, 0xFF, 0xFF, 0x2F, 0x00,
        0x00, 0x0E, 0xFA, 0xFF, 0x5C, 0x00, 0x00, 0x01, 0xEB, 0xFF, 0x7B, 0x00,
        0x00, 0x55, 0xFF, 0xFF, 0x1A, 0x00, 0x00, 0x00, 0xAB, 0xFF, 0xC8, 0x00,
        0x00, 0xA1, 0xFF, 0xD8, 0x00, 0x00, 0x00, 0x00, 0x69, 0xFF, 0xFD, 0x16,
        0x02, 0xEA, 0xFF, 0xFF, 0xFF, 0xFF, 0xFF, 0xFF, 0xFF, 0xFF, 0xFF, 0x60,
        0x39, 0xFF, 0xFF, 0xFF, 0xFF, 0xFF, 0xFF, 0xFF, 0xFF, 0xFF, 0xFF, 0xAC,
        0x86, 0xFF, 0xF5, 0x09, 0x00, 0x00, 0x00, 0x00, 0x00, 0x90, 0xFF, 0xF2,
        0xD2, 0xFF, 0xAD, 0x00, 0x00, 0x00, 0x00, 0x00, 0x00, 0x3E, 0xFF, 0xFF,
        0xFF, 0xFF, 0x5C, 0x00, 0x00, 0x00, 0x00, 0x00, 0x00, 0x02, 0xE9, 0xFF,
        0xFF, 0xFB, 0x11, 0x00, 0x00, 0x00, 0x00, 0x00, 0x00, 0x00, 0x99, 0xFF,
        0x00, 0x00, 0x00, 0x00, 0x00, 0x00, 0x00, 0x00, 0x00, 0x00, 0x00, 0x00
    },
    {
        0x00, 0x00, 0x00, 0x00, 0x00, 0x00, 0x00, 0x00, 0x00, 0x00, 0x00, 0x00,
        0x00, 0x00, 0x00, 0x00, 0x00, 0x00, 0x00, 0x00, 0x00, 0x00, 0x00, 0x00,
        0x00, 0x00, 0x00, 0x00, 0x00, 0x00, 0x00, 0x00, 0x00, 0x00, 0x00, 0x00,
        0x00, 0x00, 0x00, 0x00, 0x00, 0x00, 0x00, 0x00, 0x00, 0x00, 0x00, 0x00,
        0x00, 0x00, 0x00, 0x00, 0x00, 0x00, 0x00, 0x00, 0x00, 0x00, 0x00, 0x00,
        0x0C, 0xFF, 0xFF, 0xFF, 0xFF, 0xFF, 0xF9, 0xE1, 0xA7, 0x3A, 0x00, 0x00,
        0x0C, 0xFF, 0xFF, 0xFF, 0xFF, 0xFF, 0xFF, 0xFF, 0xFF, 0xFE, 0x72, 0x00,
        0x0C, 0xFF, 0xFF, 0x54, 0x00, 0x00, 0x0C, 0x32, 0xB3, 0xFF, 0xFD, 0x2F,
        0x0C, 0xFF, 0xFF, 0x54, 0x00, 0x00, 0x00, 0x00, 0x09, 0xE8, 0xFF, 0x8A,
        0x0C, 0xFF, 0xFF, 0x54, 0x00, 0x00, 0x00, 0x00, 0x00, 0xB9, 0xFF, 0xAE,
        0x0C, 0xFF, 0xFF, 0x54, 0x00, 0x00, 0x00, 0x00, 0x00, 0xC3, 0xFF, 0xA4,
        0x0C, 0xFF, 0xFF, 0x54, 0x00, 0x00, 0x00, 0x00, 0x12, 0xF1, 0xFF, 0x77,
        0x0C, 0xFF, 0xFF, 0x54, 0x00, 0x00, 0x0D, 0x38, 0xC0, 0xFF, 0xE9, 0x12,
        0x0C, 0xFF, 0xFF, 0xFF, 0xFF, 0xFF, 0xFF, 0xFF, 0xF7, 0xA9, 0x22, 0x00,
        0x0C, 0xFF, 0xFF, 0xFF, 0xFF, 0xFF, 0xFF, 0xFF, 0xFE, 0xC7, 0x4D, 0x00,
        0x0C, 0xFF, 0xFF, 0x54, 0x00, 0x00, 0x05, 0x21, 0x76, 0xF9, 0xFE, 0x5E,
        0x0C, 0xFF, 0xFF, 0x54, 0x00, 0x00, 0x00, 0x00, 0x00, 0x76, 0xFF, 0xE9,
        0x0C, 0xFF, 0xFF, 0x54, 0x00, 0x00, 0x00, 0x00, 0x00, 0x26, 0xFF, 0xFF,
        0x0C, 0xFF, 0xFF, 0x54, 0x00, 0x00, 0x00, 0x00, 0x00, 0x1D, 0xFF, 0xFF,
        0x0C, 0xFF, 0xFF, 0x54, 0x00, 0x00, 0x00, 0x00, 0x00, 0x5F, 0xFF, 0xFF,
        0x0C, 0xFF, 0xFF, 0x54, 0x00, 0x00, 0x03, 0x1B, 0x62, 0xF0, 0xFF, 0xD5,
        0x0C, 0xFF, 0xFF, 0xFF, 0xFF, 0xFF, 0xFF, 0xFF, 0xFF, 0xFF, 0xE8, 0x2E,
        0x0C, 0xFF, 0xFF, 0xFF, 0xFF, 0xFF, 0xFB, 0xEC, 0xC3, 0x79, 0x10, 0x00,
        0x00, 0x00, 0x00, 0x00, 0x00, 0x00, 0x00, 0x00, 0x00, 0x00, 0x00, 0x00
    },
    {
        0x00, 0x00, 0x00, 0x00, 0x00, 0x00, 0x00, 0x00, 0x00, 0x00, 0x00, 0x00,
        0x00, 0x00, 0x00, 0x00, 0x00, 0x00, 0x00, 0x00, 0x00, 0x00, 0x00, 0x00,
        0x00, 0x00, 0x00, 0x00, 0x00, 0x00, 0x00, 0x00, 0x00, 0x00, 0x00, 0x00,
        0x00, 0x00, 0x00, 0x00, 0x00, 0x00, 0x00, 0x00, 0x00, 0x00, 0x00, 0x00,
        0x00, 0x00, 0x00, 0x00, 0x00, 0x00, 0x00, 0x00, 0x00, 0x00, 0x00, 0x00,
        0x00, 0x00, 0x00, 0x00, 0x42, 0xA7, 0xE2, 0xF8, 0xE6, 0xC3, 0x6E, 0x11,
        0x00, 0x00, 0x02, 0x9A, 0xFF, 0xFF, 0xFF, 0xFF, 0xFF, 0xFF, 0xFF, 0x94,
        0x00, 0x00, 0x91, 0xFF, 0xFE, 0x96, 0x2C, 0x07, 0x0E, 0x3B, 0x93, 0x83,
        0x00, 0x36, 0xFE, 0xFF, 0x78, 0x00, 0x00, 0x00, 0x00, 0x00, 0x00, 0x00,
        0x00, 0xA4, 0xFF, 0xDC, 0x03, 0x00, 0x00, 0x00, 0x00, 0x00, 0x00, 0x00,
        0x02, 0xF3, 0xFF, 0x85, 0x00, 0x00, 0x00, 0x00, 0x00, 0x00, 0x00, 0x00,
        0x2A, 0xFF, 0xFF, 0x4E, 0x00, 0x00, 0x00, 0x00, 0x00, 0x00, 0x00, 0x00,
        0x4B, 0xFF, 0xFF, 0x2D, 0x00, 0x00, 0x00, 0x00, 0x00, 0x00, 0x00, 0x00,
        0x59, 0xFF, 0xFF, 0x21, 0x00, 0x00, 0x00, 0x00, 0x00, 0x00, 0x00, 0x00,
        0x59, 0xFF, 0xFF, 0x20, 0x00, 0x00, 0x00, 0x00, 0x00, 0x00, 0x00, 0x00,
        0x4B, 0xFF, 0xFF, 0x2D, 0x00, 0x00, 0x00, 0x00, 0x00, 0x00, 0x00, 0x00,
        0x2B, 0xFF, 0xFF, 0x4E, 0x00, 0x00, 0x00, 0x00, 0x00, 0x00, 0x00, 0x00,
        0x03, 0xF4, 0xFF, 0x84, 0x00, 0x00, 0x00, 0x00, 0x00, 0x00, 0x00, 0x00,
        0x00, 0xA6, 0xFF, 0xDB, 0x03, 0x00, 0x00, 0x00, 0x00, 0x00, 0x00, 0x00,
        0x00, 0x39, 0xFE, 0xFF, 0x76, 0x00, 0x00, 0x00, 0x00, 0x00, 0x00, 0x00,
        0x00, 0x00, 0x95, 0xFF, 0xFE, 0x94, 0x2A, 0x07, 0x18, 0x3A, 0x8F, 0x82,
        0x00, 0x00, 0x03, 0x9E, 0xFF, 0xFF, 0xFF, 0xFF, 0xFF, 0xFF, 0xFF, 0x94,
        0x00, 0x00, 0x00, 0x00, 0x44, 0xA9, 0xE3, 0xF9, 0xE7, 0xC4, 0x6F, 0x11,
        0x00, 0x00, 0x00, 0x00, 0x00, 0x00, 0x00, 0x00, 0x00, 0x00, 0x00, 0x00
    },
    {
        0x00, 0x00, 0x00, 0x00, 0x00, 0x00, 0x00, 0x00, 0x00, 0x00, 0x00, 0x00,
        0x00, 0x00, 0x00, 0x00, 0x00, 0x00, 0x00, 0x00, 0x00, 0x00, 0x00, 0x00,
        0x00, 0x00, 0x00, 0x00, 0x00, 0x00, 0x00, 0x00, 0x00, 0x00, 0x00, 0x00,
        0x00, 0x00, 0x00, 0x00, 0x00, 0x00, 0x00, 0x00, 0x00, 0x00, 0x00, 0x00,
        0x00, 0x00, 0x00, 0x00, 0x00, 0x00, 0x00, 0x00, 0x00, 0x00, 0x00, 0x00,
        0x64, 0xFF, 0xFF, 0xFF, 0xF8, 0xE5, 0xBD, 0x77, 0x11, 0x00, 0x00, 0x00,
        0x64, 0xFF, 0xFF, 0xFF, 0xFF, 0xFF, 0xFF, 0xFF, 0xF0, 0x4F, 0x00, 0x00,
        0x64, 0xFF, 0xFC, 0x00, 0x07, 0x1F, 0x5B, 0xD1, 0xFF, 0xFC, 0x43, 0x00,
        0x64, 0xFF, 0xFC, 0x00, 0x00, 0x00, 0x00, 0x08, 0xC2, 0xFF, 0xDE, 0x03,
        0x64, 0xFF, 0xFC, 0x00, 0x00, 0x00, 0x00, 0x00, 0x33, 0xFF, 0xFF, 0x4C,
        0x64, 0xFF, 0xFC, 0x00, 0x00, 0x00, 0x00, 0x00, 0x00, 0xE1, 0xFF, 0x96,
        0x64, 0xFF, 0xFC, 0x00, 0x00, 0x00, 0x00, 0x00, 0x00, 0xB4, 0xFF, 0xC7,
        0x64, 0xFF, 0xFC, 0x00, 0x00, 0x00, 0x00, 0x00, 0x00, 0x98, 0xFF, 0xE2,
        0x64, 0xFF, 0xFC, 0x00, 0x00, 0x00, 0x00, 0x00, 0x00, 0x8E, 0xFF, 0xF0,
        0x64, 0xFF, 0xFC, 0x00, 0x00, 0x00, 0x00, 0x00, 0x00, 0x8D, 0xFF, 0xF0,
        0x64, 0xFF, 0xFC, 0x00, 0x00, 0x00, 0x00, 0x00, 0x00, 0x98, 0xFF, 0xE2,
        0x64, 0xFF, 0xFC, 0x00, 0x00, 0x00, 0x00, 0x00, 0x00, 0xB4, 0xFF, 0xC8,
        0x64, 0xFF, 0xFC, 0x00, 0x00, 0x00, 0x00, 0x00, 0x00, 0xE1, 0xFF, 0x97,
        0x64, 0xFF, 0xFC, 0x00, 0x00, 0x00, 0x00, 0x00, 0x33, 0xFF, 0xFF, 0x4E,
        0x64, 0xFF, 0xFC, 0x00, 0x00, 0x00, 0x00, 0x08, 0xC2, 0xFF, 0xE0, 0x04,
        0x64, 0xFF, 0xFC, 0x00, 0x06, 0x1D, 0x5B, 0xD1, 0xFF, 0xFD, 0x45, 0x00,
        0x64, 0xFF, 0xFF, 0xFF, 0xFF, 0xFF, 0xFF, 0xFF, 0xF1, 0x52, 0x00, 0x00,
        0x64, 0xFF, 0xFF, 0xFF, 0xF9, 0xE7, 0xBE, 0x79, 0x12, 0x00, 0x00, 0x00,
        0x00, 0x00, 0x00, 0x00, 0x00, 0x00, 0x00, 0x00, 0x00, 0x00, 0x00, 0x00
    },
    {
        0x00, 0x00, 0x00, 0x00, 0x00, 0x00, 0x00, 0x00, 0x00, 0x00, 0x00, 0x00,
        0x00, 0x00, 0x00, 0x00, 0x00, 0x00, 0x00, 0x00, 0x00, 0x00, 0x00, 0x00,
        0x00, 0x00, 0x00, 0x00, 0x00, 0x00, 0x00, 0x00, 0x00, 0x00, 0x00, 0x00,
        0x00, 0x00, 0x00, 0x00, 0x00, 0x00, 0x00, 0x00, 0x00, 0x00, 0x00, 0x00,
        0x00, 0x00, 0x00, 0x00, 0x00, 0x00, 0x00, 0x00, 0x00, 0x00, 0x00, 0x00,
        0x00, 0xB0, 0xFF, 0xFF, 0xFF, 0xFF, 0xFF, 0xFF, 0xFF, 0xFF, 0xFF, 0xB0,
        0x00, 0xB0, 0xFF, 0xFF, 0xFF, 0xFF, 0xFF, 0xFF, 0xFF, 0xFF, 0xFF, 0xB0,
        0x00, 0xB0, 0xFF, 0xAC, 0x00, 0x00, 0x00, 0x00, 0x00, 0x00, 0x00, 0x00,
        0x00, 0xB0, 0xFF, 0xAC, 0x00, 0x00, 0x00, 0x00, 0x00, 0x00, 0x00, 0x00,
        0x00, 0xB0, 0xFF, 0xAC, 0x00, 0x00, 0x00, 0x00, 0x00, 0x00, 0x00, 0x00,
        0x00, 0xB0, 0xFF, 0xAC, 0x00, 0x00, 0x00, 0x00, 0x00, 0x00, 0x00, 0x00,
        0x00, 0xB0, 0xFF, 0xAC, 0x00, 0x00, 0x00, 0x00, 0x00, 0x00, 0x00, 0x00,
        0x00, 0xB0, 0xFF, 0xAC, 0x00, 0x00, 0x00, 0x00, 0x00, 0x00, 0x00, 0x00,
        0x00, 0xB0, 0xFF, 0xFF, 0xFF, 0xFF, 0xFF, 0xFF, 0xFF, 0xFF, 0xFF, 0x58,
        0x00, 0xB0, 0xFF, 0xFF, 0xFF, 0xFF, 0xFF, 0xFF, 0xFF, 0xFF, 0xFF, 0x58,
        0x00, 0xB0, 0xFF, 0xAC, 0x00, 0x00, 0x00, 0x00, 0x00, 0x00, 0x00, 0x00,
        0x00, 0xB0, 0xFF, 0xAC, 0x00, 0x00, 0x00, 0x00, 0x00, 0x00, 0x00, 0x00,
        0x00, 0xB0, 0xFF, 0xAC, 0x00, 0x00, 0x00, 0x00, 0x00, 0x00, 0x00, 0x00,
        0x00, 0xB0, 0xFF, 0xAC, 0x00, 0x00, 0x00, 0x00, 0x00, 0x00, 0x00, 0x00,
        0x00, 0xB0, 0xFF, 0xAC, 0x00, 0x00, 0x00, 0x00, 0x00, 0x00, 0x00, 0x00,
        0x00, 0xB0, 0xFF, 0xAC, 0x00, 0x00, 0x00, 0x00, 0x00, 0x00, 0x00, 0x00,
        0x00, 0xB0, 0xFF, 0xFF, 0xFF, 0xFF, 0xFF, 0xFF, 0xFF, 0xFF, 0xFF, 0xEC,
        0x00, 0xB0, 0xFF, 0xFF, 0xFF, 0xFF, 0xFF, 0xFF, 0xFF, 0xFF, 0xFF, 0xEC,
        0x00, 0x00, 0x00, 0x00, 0x00, 0x00, 0x00, 0x00, 0x00, 0x00, 0x00, 0x00
    },
    {
        0x00, 0x00, 0x00, 0x00, 0x00, 0x00, 0x00, 0x00, 0x00, 0x00, 0x00, 0x00,
        0x00, 0x00, 0x00, 0x00, 0x00, 0x00, 0x00, 0x00, 0x00, 0x00, 0x00, 0x00,
        0x00, 0x00, 0x00, 0x00, 0x00, 0x00, 0x00, 0x00, 0x00, 0x00, 0x00, 0x00,
        0x00, 0x00, 0x00, 0x00, 0x00, 0x00, 0x00, 0x00, 0x00, 0x00, 0x00, 0x00,
        0x00, 0x00, 0x00, 0x00, 0x00, 0x00, 0x00, 0x00, 0x00, 0x00, 0x00, 0x00,
        0x00, 0x44, 0xFF, 0xFF, 0xFF, 0xFF, 0xFF, 0xFF, 0xFF, 0xFF, 0xFF, 0xFF,
        0x00, 0x44, 0xFF, 0xFF, 0xFF, 0xFF, 0xFF, 0xFF, 0xFF, 0xFF, 0xFF, 0xFF,
        0x00, 0x44, 0xFF, 0xFF, 0x1C, 0x00, 0x00, 0x00, 0x00, 0x00, 0x00, 0x00,
        0x00, 0x44, 0xFF, 0xFF, 0x1C, 0x00, 0x00, 0x00, 0x00, 0x00, 0x00, 0x00,
        0x00, 0x44, 0xFF, 0xFF, 0x1C, 0x00, 0x00, 0x00, 0x00, 0x00, 0x00, 0x00,
        0x00, 0x44, 0xFF, 0xFF, 0x1C, 0x00, 0x00, 0x00, 0x00, 0x00, 0x00, 0x00,
        0x00, 0x44, 0xFF, 0xFF, 0x1C, 0x00, 0x00, 0x00, 0x00, 0x00, 0x00, 0x00,
        0x00, 0x44, 0xFF, 0xFF, 0x1C, 0x00, 0x00, 0x00, 0x00, 0x00, 0x00, 0x00,
        0x00, 0x44, 0xFF, 0xFF, 0xFF, 0xFF, 0xFF, 0xFF, 0xFF, 0xFF, 0xFF, 0x4C,
        0x00, 0x44, 0xFF, 0xFF, 0xFF, 0xFF, 0xFF, 0xFF, 0xFF, 0xFF, 0xFF, 0x4C,
        0x00, 0x44, 0xFF, 0xFF, 0x1C, 0x00, 0x00, 0x00, 0x00, 0x00, 0x00, 0x00,
        0x00, 0x44, 0xFF, 0xFF, 0x1C, 0x00, 0x00, 0x00, 0x00, 0x00, 0x00, 0x00,
        0x00, 0x44, 0xFF, 0xFF, 0x1C, 0x00, 0x00, 0x00, 0x00, 0x00, 0x00, 0x00,
        0x00, 0x44, 0xFF, 0xFF, 0x1C, 0x00, 0x00, 0x00, 0x00, 0x00, 0x00, 0x00,
        0x00, 0x44, 0xFF, 0xFF, 0x1C, 0x00, 0x00, 0x00, 0x00, 0x00, 0x00, 0x00,
        0x00, 0x44, 0xFF, 0xFF, 0x1C, 0x00, 0x00, 0x00, 0x00, 0x00, 0x00, 0x00,
        0x00, 0x44, 0xFF, 0xFF, 0x1C, 0x00, 0x00, 0x00, 0x00, 0x00, 0x00, 0x00,
        0x00, 0x44, 0xFF, 0xFF, 0x1C, 0x00, 0x00, 0x00, 0x00, 0x00, 0x00, 0x00,
        0x00, 0x00, 0x00, 0x00, 0x00, 0x00, 0x00, 0x00, 0x00, 0x00, 0x00, 0x00
    },
    {
        0x00, 0x00, 0x00, 0x00, 0x00, 0x00, 0x00, 0x00, 0x00, 0x00, 0x00, 0x00,
        0x00, 0x00, 0x00, 0x00, 0x00, 0x00, 0x00, 0x00, 0x00, 0x00, 0x00, 0x00,
        0x00, 0x00, 0x00, 0x00, 0x00, 0x00, 0x00, 0x00, 0x00, 0x00, 0x00, 0x00,
        0x00, 0x00, 0x00, 0x00, 0x00, 0x00, 0x00, 0x00, 0x00, 0x00, 0x00, 0x00,
        0x00, 0x00, 0x00, 0x00, 0x00, 0x00, 0x00, 0x00, 0x00, 0x00, 0x00, 0x00,
        0x00, 0x00, 0x00, 0x09, 0x72, 0xC5, 0xEC, 0xF7, 0xDA, 0xAF, 0x52, 0x05,
        0x00, 0x00, 0x27, 0xDD, 0xFF, 0xFF, 0xFF, 0xFF, 0xFF, 0xFF, 0xFF, 0x58,
        0x00, 0x14, 0xE5, 0xFF, 0xE6, 0x5F, 0x16, 0x08, 0x25, 0x4C, 0x9F, 0x51,
        0x00, 0x9E, 0xFF, 0xEC, 0x20, 0x00, 0x00, 0x00, 0x00, 0x00, 0x00, 0x00,
        0x14, 0xF9, 0xFF, 0x72, 0x00, 0x00, 0x00, 0x00, 0x00, 0x00, 0x00, 0x00,
        0x61, 0xFF, 0xFE, 0x18, 0x00, 0x00, 0x00, 0x00, 0x00, 0x00, 0x00, 0x00,
        0x95, 0xFF, 0xDF, 0x00, 0x00, 0x00, 0x00, 0x00, 0x00, 0x00, 0x00, 0x00,
        0xB6, 0xFF, 0xBD, 0x00, 0x00, 0x00, 0x00, 0x00, 0x00, 0x00, 0x00, 0x00,
        0xC5, 0xFF, 0xB1, 0x00, 0x00, 0x00, 0x00, 0x00, 0x00, 0x00, 0x00, 0x00,
        0xC5, 0xFF, 0xB0, 0x00, 0x00, 0x00, 0x00, 0xDC, 0xFF, 0xFF, 0xFF, 0xF0,
        0xB7, 0xFF, 0xBC, 0x00, 0x00, 0x00, 0x00, 0xDC, 0xFF, 0xFF, 0xFF, 0xF0,
        0x96, 0xFF, 0xDB, 0x00, 0x00, 0x00, 0x00, 0x00, 0x00, 0x54, 0xFF, 0xF0,
        0x63, 0xFF, 0xFD, 0x12, 0x00, 0x00, 0x00, 0x00, 0x00, 0x54, 0xFF, 0xF0,
        0x17, 0xFB, 0xFF, 0x64, 0x00, 0x00, 0x00, 0x00, 0x00, 0x54, 0xFF, 0xF0,
        0x00, 0xA5, 0xFF, 0xE2, 0x15, 0x00, 0x00, 0x00, 0x00, 0x54, 0xFF, 0xF0,
        0x00, 0x19, 0xEB, 0xFF, 0xDB, 0x54, 0x12, 0x09, 0x2D, 0xAD, 0xFF, 0xF0,
        0x00, 0x00, 0x2E, 0xE3, 0xFF, 0xFF, 0xFF, 0xFF, 0xFF, 0xFF, 0xFD, 0x7B,
        0x00, 0x00, 0x00, 0x0C, 0x79, 0xCA, 0xEF, 0xF8, 0xDE, 0x9C, 0x2D, 0x00,
        0x00, 0x00, 0x00, 0x00, 0x00, 0x00, 0x00, 0x00, 0x00, 0x00, 0x00, 0x00
    },
    {
        0x00, 0x00, 0x00, 0x00, 0x00, 0x00, 0x00, 0x00, 0x00, 0x00, 0x00, 0x00,
        0x00, 0x00, 0x00, 0x00, 0x00, 0x00, 0x00, 0x00, 0x00, 0x00, 0x00, 0x00,
        0x00, 0x00, 0x00, 0x00, 0x00, 0x00, 0x00, 0x00, 0x00, 0x00, 0x00, 0x00,
        0x00, 0x00, 0x00, 0x00, 0x00, 0x00, 0x00, 0x00, 0x00, 0x00, 0x00, 0x00,
        0x00, 0x00, 0x00, 0x00, 0x00, 0x00, 0x00, 0x00, 0x00, 0x00, 0x00, 0x00,
        0x64, 0xFF, 0xFC, 0x00, 0x00, 0x00, 0x00, 0x00, 0x00, 0x88, 0xFF, 0xD8,
        0x64, 0xFF, 0xFC, 0x00, 0x00, 0x00, 0x00, 0x00, 0x00, 0x88, 0xFF, 0xD8,
        0x64, 0xFF, 0xFC, 0x00, 0x00, 0x00, 0x00, 0x00, 0x00, 0x88, 0xFF, 0xD8,
        0x64, 0xFF, 0xFC, 0x00, 0x00, 0x00, 0x00, 0x00, 0x00, 0x88, 0xFF, 0xD8,
        0x64, 0xFF, 0xFC, 0x00, 0x00, 0x00, 0x00, 0x00, 0x00, 0x88, 0xFF, 0xD8,
        0x64, 0xFF, 0xFC, 0x00, 0x00, 0x00, 0x00, 0x00, 0x00, 0x88, 0xFF, 0xD8,
        0x64, 0xFF, 0xFC, 0x00, 0x00, 0x00, 0x00, 0x00, 0x00, 0x88, 0xFF, 0xD8,
        0x64, 0xFF, 0xFC, 0x00, 0x00, 0x00, 0x00, 0x00, 0x00, 0x88, 0xFF, 0xD8,
        0x64, 0xFF, 0xFF, 0xFF, 0xFF, 0xFF, 0xFF, 0xFF, 0xFF, 0xFF, 0xFF, 0xD8,
        0x64, 0xFF, 0xFF, 0xFF, 0xFF, 0xFF, 0xFF, 0xFF, 0xFF, 0xFF, 0xFF, 0xD8,
        0x64, 0xFF, 0xFC, 0x00, 0x00, 0x00, 0x00, 0x00, 0x00, 0x88, 0xFF, 0xD8,
        0x64, 0xFF, 0xFC, 0x00, 0x00, 0x00, 0x00, 0x00, 0x00, 0x88, 0xFF, 0xD8,
        0x64, 0xFF, 0xFC, 0x00, 0x00, 0x00, 0x00, 0x00, 0x00, 0x88, 0xFF, 0xD8,
        0x64, 0xFF, 0xFC, 0x00, 0x00, 0x00, 0x00, 0x00, 0x00, 0x88, 0xFF, 0xD8,
        0x64, 0xFF, 0xFC, 0x00, 0x00, 0x00, 0x00, 0x00, 0x00, 0x88, 0xFF, 0xD8,
        0x64, 0xFF, 0xFC, 0x00, 0x00, 0x00, 0x00, 0x00, 0x00, 0x88, 0xFF, 0xD8,
        0x64, 0xFF, 0xFC, 0x00, 0x00, 0x00, 0x00, 0x00, 0x00, 0x88, 0xFF, 0xD8,
        0x64, 0xFF, 0xFC, 0x00, 0x00, 0x00, 0x00, 0x00, 0x00, 0x88, 0xFF, 0xD8,
        0x00, 0x00, 0x00, 0x00, 0x00, 0x00, 0x00, 0x00, 0x00, 0x00, 0x00, 0x00
    },
    {
        0x00, 0x00, 0x00, 0x00, 0x00, 0x00, 0x00, 0x00, 0x00, 0x00, 0x00, 0x00,
        0x00, 0x00, 0x00, 0x00, 0x00, 0x00, 0x00, 0x00, 0x00, 0x00, 0x00, 0x00,
        0x00, 0x00, 0x00, 0x00, 0x00, 0x00, 0x00, 0x00, 0x00, 0x00, 0x00, 0x00,
        0x00, 0x00, 0x00, 0x00, 0x00, 0x00, 0x00, 0x00, 0x00, 0x00, 0x00, 0x00,
        0x00, 0x00, 0x00, 0x00, 0x00, 0x00, 0x00, 0x00, 0x00, 0x00, 0x00, 0x00,
        0x00, 0xA4, 0xFF, 0xFF, 0xFF, 0xFF, 0xFF, 0xFF, 0xFF, 0xFF, 0xFF, 0x14,
        0x00, 0xA4, 0xFF, 0xFF, 0xFF, 0xFF, 0xFF, 0xFF, 0xFF, 0xFF, 0xFF, 0x14,
        0x00, 0x00, 0x00, 0x00, 0x00, 0xF8, 0xFF, 0x68, 0x00, 0x00, 0x00, 0x00,
        0x00, 0x00, 0x00, 0x00, 0x00, 0xF8, 0xFF, 0x68, 0x00, 0x00, 0x00, 0x00,
        0x00, 0x00, 0x00, 0x00, 0x00, 0xF8, 0xFF, 0x68, 0x00, 0x00, 0x00, 0x00,
        0x00, 0x00, 0x00, 0x00, 0x00, 0xF8, 0xFF, 0x68, 0x00, 0x00, 0x00, 0x00,
        0x00, 0x00, 0x00, 0x00, 0x00, 0xF8, 0xFF, 0x68, 0x00, 0x00, 0x00, 0x00,
        0x00, 0x00, 0x00, 0x00, 0x00, 0xF8, 0xFF, 0x68, 0x00, 0x00, 0x00, 0x00,
        0x00, 0x00, 0x00, 0x00, 0x00, 0xF8, 0xFF, 0x68, 0x00, 0x00, 0x00, 0x00,
        0x00, 0x00, 0x00, 0x00, 0x00, 0xF8, 0xFF, 0x68, 0x00, 0x00, 0x00, 0x00,
        0x00, 0x00, 0x00, 0x00, 0x00, 0xF8, 0xFF, 0x68, 0x00, 0x00, 0x00, 0x00,
        0x00, 0x00, 0x00, 0x00, 0x00, 0xF8, 0xFF, 0x68, 0x00, 0x00, 0x00, 0x00,
        0x00, 0x00, 0x00, 0x00, 0x00, 0xF8, 0xFF, 0x68, 0x00, 0x00, 0x00, 0x00,
        0x00, 0x00, 0x00, 0x00, 0x00, 0xF8, 0xFF, 0x68, 0x00, 0x00, 0x00, 0x00,
        0x00, 0x00, 0x00, 0x00, 0x00, 0xF8, 0xFF, 0x68, 0x00, 0x00, 0x00, 0x00,
        0x00, 0x00, 0x00, 0x00, 0x00, 0xF8, 0xFF, 0x68, 0x00, 0x00, 0x00, 0x00,
        0x00, 0xA4, 0xFF, 0xFF, 0xFF, 0xFF, 0xFF, 0xFF, 0xFF, 0xFF, 0xFF, 0x14,
        0x00, 0xA4, 0xFF, 0xFF, 0xFF, 0xFF, 0xFF, 0xFF, 0xFF, 0xFF, 0xFF, 0x14,
        0x00, 0x00, 0x00, 0x00, 0x00, 0x00, 0x00, 0x00, 0x00, 0x00, 0x00, 0x00
    },
    {
        0x00, 0x00, 0x00, 0x00, 0x00, 0x00, 0x00, 0x00, 0x00, 0x00, 0x00, 0x00,
        0x00, 0x00, 0x00, 0x00, 0x00, 0x00, 0x00, 0x00, 0x00, 0x00, 0x00, 0x00,
        0x00, 0x00, 0x00, 0x00, 0x00, 0x00, 0x00, 0x00, 0x00, 0x00, 0x00, 0x00,
        0x00, 0x00, 0x00, 0x00, 0x00, 0x00, 0x00, 0x00, 0x00, 0x00, 0x00, 0x00,
        0x00, 0x00, 0x00, 0x00, 0x00, 0x00, 0x00, 0x00, 0x00, 0x00, 0x00, 0x00,
        0x00, 0x00, 0x00, 0xA0, 0xFF, 0xFF, 0xFF, 0xFF, 0xFF, 0xFF, 0x34, 0x00,
        0x00, 0x00, 0x00, 0xA0, 0xFF, 0xFF, 0xFF, 0xFF, 0xFF, 0xFF, 0x34, 0x00,
        0x00, 0x00, 0x00, 0x00, 0x00, 0x00, 0x00, 0x28, 0xFF, 0xFF, 0x34, 0x00,
        0x00, 0x00, 0x00, 0x00, 0x00, 0x00, 0x00, 0x28, 0xFF, 0xFF, 0x34, 0x00,
        0x00, 0x00, 0x00, 0x00, 0x00, 0x00, 0x00, 0x28, 0xFF, 0xFF, 0x34, 0x00,
        0x00, 0x00, 0x00, 0x00, 0x00, 0x00, 0x00, 0x28, 0xFF, 0xFF, 0x34, 0x00,
        0x00, 0x00, 0x00, 0x00, 0x00, 0x00, 0x00, 0x28, 0xFF, 0xFF, 0x34, 0x00,
        0x00, 0x00, 0x00, 0x00, 0x00, 0x00, 0x00, 0x28, 0xFF, 0xFF, 0x34, 0x00,
        0x00, 0x00, 0x00, 0x00, 0x00, 0x00, 0x00, 0x28, 0xFF, 0xFF, 0x34, 0x00,
        0x00, 0x00, 0x00, 0x00, 0x00, 0x00, 0x00, 0x28, 0xFF, 0xFF, 0x34, 0x00,
        0x00, 0x00, 0x00, 0x00, 0x00, 0x00, 0x00, 0x28, 0xFF, 0xFF, 0x34, 0x00,
        0x00, 0x00, 0x00, 0x00, 0x00, 0x00, 0x00, 0x28, 0xFF, 0xFF, 0x33, 0x00,
        0x00, 0x00, 0x00, 0x00, 0x00, 0x00, 0x00, 0x2F, 0xFF, 0xFF, 0x2A, 0x00,
        0x00, 0x00, 0x00, 0x00, 0x00, 0x00, 0x00, 0x48, 0xFF, 0xFF, 0x17, 0x00,
        0x82, 0x1C, 0x00, 0x00, 0x00, 0x00, 0x00, 0x8A, 0xFF, 0xEA, 0x00, 0x00,
        0xB8, 0xF3, 0x85, 0x2F, 0x09, 0x0F, 0x5E, 0xF6, 0xFF, 0x98, 0x00, 0x00,
        0xB8, 0xFF, 0xFF, 0xFF, 0xFF, 0xFF, 0xFF, 0xFF, 0xE3, 0x18, 0x00, 0x00,
        0x19, 0x73, 0xB9, 0xDC, 0xF6, 0xF6, 0xD6, 0x8D, 0x17, 0x00, 0x00, 0x00,
        0x00, 0x00, 0x00, 0x00, 0x00, 0x00, 0x00, 0x00, 0x00, 0x00, 0x00, 0x00
    },
    {
        0x00, 0x00, 0x00, 0x00, 0x00, 0x00, 0x00, 0x00, 0x00, 0x00, 0x00, 0x00,
        0x00, 0x00, 0x00, 0x00, 0x00, 0x00, 0x00, 0x00, 0x00, 0x00, 0x00, 0x00,
        0x00, 0x00, 0x00, 0x00, 0x00, 0x00, 0x00, 0x00, 0x00, 0x00, 0x00, 0x00,
        0x00, 0x00, 0x00, 0x00, 0x00, 0x00, 0x00, 0x00, 0x00, 0x00, 0x00, 0x00,
        0x00, 0x00, 0x00, 0x00, 0x00, 0x00, 0x00, 0x00, 0x00, 0x00, 0x00, 0x00,
        0x64, 0xFF, 0xFC, 0x00, 0x00, 0x00, 0x00, 0x00, 0x00, 0x29, 0xEC, 0xFF,
        0x64, 0xFF, 0xFC, 0x00, 0x00, 0x00, 0x00, 0x00, 0x1E, 0xE3, 0xFF, 0xBD,
        0x64, 0xFF, 0xFC, 0x00, 0x00, 0x00, 0x00, 0x15, 0xD9, 0xFF, 0xCA, 0x0C,
        0x64, 0xFF, 0xFC, 0x00, 0x00, 0x00, 0x0E, 0xCD, 0xFF, 0xD6, 0x13, 0x00,
        0x64, 0xFF, 0xFC, 0x00, 0x00, 0x08, 0xC0, 0xFF, 0xE1, 0x1C, 0x00, 0x00,
        0x64, 0xFF, 0xFC, 0x00, 0x03, 0xB0, 0xFF, 0xEA, 0x26, 0x00, 0x00, 0x00,
        0x64, 0xFF, 0xFC, 0x01, 0xA0, 0xFF, 0xF1, 0x32, 0x00, 0x00, 0x00, 0x00,
        0x64, 0xFF, 0xFC, 0x8D, 0xFF, 0xFF, 0x89, 0x00, 0x00, 0x00, 0x00, 0x00,
        0x64, 0xFF, 0xFF, 0xFF, 0xFF, 0xFF, 0xF5, 0x22, 0x00, 0x00, 0x00, 0x00,
        0x64, 0xFF, 0xFF, 0xFD, 0x5D, 0xD9, 0xFF, 0xBF, 0x01, 0x00, 0x00, 0x00,
        0x64, 0xFF, 0xFF, 0x69, 0x00, 0x3F, 0xFE, 0xFF, 0x69, 0x00, 0x00, 0x00,
        0x64, 0xFF, 0xFC, 0x00, 0x00, 0x00, 0x9D, 0xFF, 0xF3, 0x1F, 0x00, 0x00,
        0x64, 0xFF, 0xFC, 0x00, 0x00, 0x00, 0x11, 0xE9, 0xFF, 0xBA, 0x00, 0x00,
        0x64, 0xFF, 0xFC, 0x00, 0x00, 0x00, 0x00, 0x59, 0xFF, 0xFF, 0x64, 0x00,
        0x64, 0xFF, 0xFC, 0x00, 0x00, 0x00, 0x00, 0x00, 0xB6, 0xFF, 0xF0, 0x1C,
        0x64, 0xFF, 0xFC, 0x00, 0x00, 0x00, 0x00, 0x00, 0x20, 0xF4, 0xFF, 0xB5,
        0x64, 0xFF, 0xFC, 0x00, 0x00, 0x00, 0x00, 0x00, 0x00, 0x73, 0xFF, 0xFF,
        0x64, 0xFF, 0xFC, 0x00, 0x00, 0x00, 0x00, 0x00, 0x00, 0x03, 0xCD, 0xFF,
        0x00, 0x00, 0x00, 0x00, 0x00, 0x00, 0x00, 0x00, 0x00, 0x00, 0x00, 0x00
    },
    {
        0x00, 0x00, 0x00, 0x00, 0x00, 0x00, 0x00, 0x00, 0x00, 0x00, 0x00, 0x00,
        0x00, 0x00, 0x00, 0x00, 0x00, 0x00, 0x00, 0x00, 0x00, 0x00, 0x00, 0x00,
        0x00, 0x00, 0x00, 0x00, 0x00, 0x00, 0x00, 0x00, 0x00, 0x00, 0x00, 0x00,
        0x00, 0x00, 0x00, 0x00, 0x00, 0x00, 0x00, 0x00, 0x00, 0x00, 0x00, 0x00,
        0x00, 0x00, 0x00, 0x00, 0x00, 0x00, 0x00, 0x00, 0x00, 0x00, 0x00, 0x00,
        0x00, 0x7C, 0xFF, 0xE8, 0x00, 0x00, 0x00, 0x00, 0x00, 0x00, 0x00, 0x00,
        0x00, 0x7C, 0xFF, 0xE8, 0x00, 0x00, 0x00, 0x00, 0x00, 0x00, 0x00, 0x00,
        0x00, 0x7C, 0xFF, 0xE8, 0x00, 0x00, 0x00, 0x00, 0x00, 0x00, 0x00, 0x00,
        0x00, 0x7C, 0xFF, 0xE8, 0x00, 0x00, 0x00, 0x00, 0x00, 0x00, 0x00, 0x00,
        0x00, 0x7C, 0xFF, 0xE8, 0x00, 0x00, 0x00, 0x00, 0x00, 0x00, 0x00, 0x00,
        0x00, 0x7C, 0xFF, 0xE8, 0x00, 0x00, 0x00, 0x00, 0x00, 0x00, 0x00, 0x00,
        0x00, 0x7C, 0xFF, 0xE8, 0x00, 0x00, 0x00, 0x00, 0x00, 0x00, 0x00, 0x00,
        0x00, 0x7C, 0xFF, 0xE8, 0x00, 0x00, 0x00, 0x00, 0x00, 0x00, 0x00, 0x00,
        0x00, 0x7C, 0xFF, 0xE8, 0x00, 0x00, 0x00, 0x00, 0x00, 0x00, 0x00, 0x00,
        0x00, 0x7C, 0xFF, 0xE8, 0x00, 0x00, 0x00, 0x00, 0x00, 0x00, 0x00, 0x00,
        0x00, 0x7C, 0xFF, 0xE8, 0x00, 0x00, 0x00, 0x00, 0x00, 0x00, 0x00, 0x00,
        0x00, 0x7C, 0xFF, 0xE8, 0x00, 0x00, 0x00, 0x00, 0x00, 0x00, 0x00, 0x00,
        0x00, 0x7C, 0xFF, 0xE8, 0x00, 0x00, 0x00, 0x00, 0x00, 0x00, 0x00, 0x00,
        0x00, 0x7C, 0xFF, 0xE8, 0x00, 0x00, 0x00, 0x00, 0x00, 0x00, 0x00, 0x00,
        0x00, 0x7C, 0xFF, 0xE8, 0x00, 0x00, 0x00, 0x00, 0x00, 0x00, 0x00, 0x00,
        0x00, 0x7C, 0xFF, 0xE8, 0x00, 0x00, 0x00, 0x00, 0x00, 0x00, 0x00, 0x00,
        0x00, 0x7C, 0xFF, 0xFF, 0xFF, 0xFF, 0xFF, 0xFF, 0xFF, 0xFF, 0xFF, 0xFF,
        0x00, 0x7C, 0xFF, 0xFF, 0xFF, 0xFF, 0xFF, 0xFF, 0xFF, 0xFF, 0xFF, 0xFF,
        0x00, 0x00, 0x00, 0x00, 0x00, 0x00, 0x00, 0x00, 0x00, 0x00, 0x00, 0x00
    },
    {
        0x00, 0x00, 0x00, 0x00, 0x00, 0x00, 0x00, 0x00, 0x00, 0x00, 0x00, 0x00,
        0x00, 0x00, 0x00, 0x00, 0x00, 0x00, 0x00, 0x00, 0x00, 0x00, 0x00, 0x00,
        0x00, 0x00, 0x00, 0x00, 0x00, 0x00, 0x00, 0x00, 0x00, 0x00, 0x00, 0x00,
        0x00, 0x00, 0x00, 0x00, 0x00, 0x00, 0x00, 0x00, 0x00, 0x00, 0x00, 0x00,
        0x00, 0x00, 0x00, 0x00, 0x00, 0x00, 0x00, 0x00, 0x00, 0x00, 0x00, 0x00,
        0xFC, 0xFF, 0xFF, 0x54, 0x00, 0x00, 0x00, 0x00, 0x02, 0xE7, 0xFF, 0xFF,
        0xFC, 0xFF, 0xFF, 0xA6, 0x00, 0x00, 0x00, 0x00, 0x3C, 0xFF, 0xFF, 0xFF,
        0xFC, 0xFF, 0xE4, 0xF1, 0x06, 0x00, 0x00, 0x00, 0x8E, 0xFF, 0xE4, 0xFF,
        0xFC, 0xFF, 0x94, 0xFF, 0x4A, 0x00, 0x00, 0x00, 0xDF, 0xCF, 0xC4, 0xFF,
        0xFC, 0xFF, 0x45, 0xFD, 0x9C, 0x00, 0x00, 0x32, 0xFF, 0x7E, 0xC4, 0xFF,
        0xFC, 0xFF, 0x30, 0xC1, 0xEA, 0x03, 0x00, 0x85, 0xFF, 0x2C, 0xC4, 0xFF,
        0xFC, 0xFF, 0x30, 0x70, 0xFF, 0x3F, 0x00, 0xD7, 0xDB, 0x00, 0xC4, 0xFF,
        0xFC, 0xFF, 0x30, 0x1F, 0xFF, 0x91, 0x28, 0xFF, 0x89, 0x00, 0xC4, 0xFF,
        0xFC, 0xFF, 0x30, 0x00, 0xCD, 0xE2, 0x7C, 0xFF, 0x38, 0x00, 0xC4, 0xFF,
        0xFC, 0xFF, 0x30, 0x00, 0x7C, 0xFF, 0xEC, 0xE5, 0x01, 0x00, 0xC4, 0xFF,
        0xFC, 0xFF, 0x30, 0x00, 0x2A, 0xFF, 0xFF, 0x95, 0x00, 0x00, 0xC4, 0xFF,
        0xFC, 0xFF, 0x30, 0x00, 0x00, 0xD8, 0xFF, 0x44, 0x00, 0x00, 0xC4, 0xFF,
        0xFC, 0xFF, 0x30, 0x00, 0x00, 0x00, 0x00, 0x00, 0x00, 0x00, 0xC4, 0xFF,
        0xFC, 0xFF, 0x30, 0x00, 0x00, 0x00, 0x00, 0x00, 0x00, 0x00, 0xC4, 0xFF,
        0xFC, 0xFF, 0x30, 0x00, 0x00, 0x00, 0x00, 0x00, 0x00, 0x00, 0xC4, 0xFF,
        0xFC, 0xFF, 0x30, 0x00, 0x00, 0x00, 0x00, 0x00, 0x00, 0x00, 0xC4, 0xFF,
        0xFC, 0xFF, 0x30, 0x00, 0x00, 0x00, 0x00, 0x00, 0x00, 0x00, 0xC4, 0xFF,
        0xFC, 0xFF, 0x30, 0x00, 0x00, 0x00, 0x00, 0x00, 0x00, 0x00, 0xC4, 0xFF,
        0x00, 0x00, 0x00, 0x00, 0x00, 0x00, 0x00, 0x00, 0x00, 0x00, 0x00, 0x00
    },
    {
        0x00, 0x00, 0x00, 0x00, 0x00, 0x00, 0x00, 0x00, 0x00, 0x00, 0x00, 0x00,
        0x00, 0x00, 0x00, 0x00, 0x00, 0x00, 0x00, 0x00, 0x00, 0x00, 0x00, 0x00,
        0x00, 0x00, 0x00, 0x00, 0x00, 0x00, 0x00, 0x00, 0x00, 0x00, 0x00, 0x00,
        0x00, 0x00, 0x00, 0x00, 0x00, 0x00, 0x00, 0x00, 0x00, 0x00, 0x00, 0x00,
        0x00, 0x00, 0x00, 0x00, 0x00, 0x00, 0x00, 0x00, 0x00, 0x00, 0x00, 0x00,
        0x60, 0xFF, 0xFF, 0xD2, 0x00, 0x00, 0x00, 0x00, 0x00, 0x78, 0xFF, 0xD4,
        0x60, 0xFF, 0xFF, 0xFF, 0x39, 0x00, 0x00, 0x00, 0x00, 0x78, 0xFF, 0xD4,
        0x60, 0xFF, 0xFF, 0xFF, 0x9F, 0x00, 0x00, 0x00, 0x00, 0x78, 0xFF, 0xD4,
        0x60, 0xFF, 0xF1, 0xEC, 0xF5, 0x0F, 0x00, 0x00, 0x00, 0x78, 0xFF, 0xD4,
        0x60, 0xFF, 0xEC, 0x8E, 0xFF, 0x6B, 0x00, 0x00, 0x00, 0x78, 0xFF, 0xD4,
        0x60, 0xFF, 0xEC, 0x28, 0xFF, 0xD1, 0x00, 0x00, 0x00, 0x78, 0xFF, 0xD4,
        0x60, 0xFF, 0xEC, 0x00, 0xC2, 0xFF, 0x37, 0x00, 0x00, 0x78, 0xFF, 0xD4,
        0x60, 0xFF, 0xEC, 0x00, 0x5C, 0xFF, 0x9D, 0x00, 0x00, 0x78, 0xFF, 0xD4,
        0x60, 0xFF, 0xEC, 0x00, 0x08, 0xED, 0xF4, 0x0E, 0x00, 0x78, 0xFF, 0xD4,
        0x60, 0xFF, 0xEC, 0x00, 0x00, 0x90, 0xFF, 0x69, 0x00, 0x78, 0xFF, 0xD4,
        0x60, 0xFF, 0xEC, 0x00, 0x00, 0x2A, 0xFF, 0xCF, 0x00, 0x78, 0xFF, 0xD4,
        0x60, 0xFF, 0xEC, 0x00, 0x00, 0x00, 0xC4, 0xFF, 0x35, 0x78, 0xFF, 0xD4,
        0x60, 0xFF, 0xEC, 0x00, 0x00, 0x00, 0x5E, 0xFF, 0x9B, 0x78, 0xFF, 0xD4,
        0x60, 0xFF, 0xEC, 0x00, 0x00, 0x00, 0x08, 0xEE, 0xF3, 0x85, 0xFF, 0xD4,
        0x60, 0xFF, 0xEC, 0x00, 0x00, 0x00, 0x00, 0x92, 0xFF, 0xDE, 0xFF, 0xD4,
        0x60, 0xFF, 0xEC, 0x00, 0x00, 0x00, 0x00, 0x2B, 0xFF, 0xFF, 0xFF, 0xD4,
        0x60, 0xFF, 0xEC, 0x00, 0x00, 0x00, 0x00, 0x00, 0xC6, 0xFF, 0xFF, 0xD4,
        0x60, 0xFF, 0xEC, 0x00, 0x00, 0x00, 0x00, 0x00, 0x5F, 0xFF, 0xFF, 0xD4,
        0x00, 0x00, 0x00, 0x00, 0x00, 0x00, 0x00, 0x00, 0x00, 0x00, 0x00, 0x00
    },
    {
        0x00, 0x00, 0x00, 0x00, 0x00, 0x00, 0x00, 0x00, 0x00, 0x00, 0x00, 0x00,
        0x00, 0x00, 0x00, 0x00, 0x00, 0x00, 0x00, 0x00, 0x00, 0x00, 0x00, 0x00,
        0x00, 0x00, 0x00, 0x00, 0x00, 0x00, 0x00, 0x00, 0x00, 0x00, 0x00, 0x00,
        0x00, 0x00, 0x00, 0x00, 0x00, 0x00, 0x00, 0x00, 0x00, 0x00, 0x00, 0x00,
        0x00, 0x00, 0x00, 0x00, 0x00, 0x00, 0x00, 0x00, 0x00, 0x00, 0x00, 0x00,
        0x00, 0x00, 0x00, 0x52, 0xBC, 0xED, 0xF7, 0xD9, 0x8A, 0x11, 0x00, 0x00,
        0x00, 0x00, 0x8D, 0xFF, 0xFF, 0xFF, 0xFF, 0xFF, 0xFF, 0xE1, 0x1B, 0x00,
        0x00, 0x4F, 0xFF, 0xFF, 0x94, 0x1C, 0x0A, 0x4D, 0xE9, 0xFF, 0xBF, 0x00,
        0x00, 0xCA, 0xFF, 0xB9, 0x00, 0x00, 0x00, 0x00, 0x49, 0xFF, 0xFF, 0x3B,
        0x1C, 0xFF, 0xFF, 0x51, 0x00, 0x00, 0x00, 0x00, 0x00, 0xE0, 0xFF, 0x8D,
        0x55, 0xFF, 0xFF, 0x18, 0x00, 0x00, 0x00, 0x00, 0x00, 0xA6, 0xFF, 0xC7,
        0x7A, 0xFF, 0xF6, 0x00, 0x00, 0x00, 0x00, 0x00, 0x00, 0x85, 0xFF, 0xED,
        0x90, 0xFF, 0xE2, 0x00, 0x00, 0x00, 0x00, 0x00, 0x00, 0x70, 0xFF, 0xFF,
        0x9B, 0xFF, 0xDB, 0x00, 0x00, 0x00, 0x00, 0x00, 0x00, 0x68, 0xFF, 0xFF,
        0x9B, 0xFF, 0xDA, 0x00, 0x00, 0x00, 0x00, 0x00, 0x00, 0x68, 0xFF, 0xFF,
        0x90, 0xFF, 0xE2, 0x00, 0x00, 0x00, 0x00, 0x00, 0x00, 0x6F, 0xFF, 0xFF,
        0x7B, 0xFF, 0xF6, 0x00, 0x00, 0x00, 0x00, 0x00, 0x00, 0x84, 0xFF, 0xED,
        0x56, 0xFF, 0xFF, 0x18, 0x00, 0x00, 0x00, 0x00, 0x00, 0xA5, 0xFF, 0xC8,
        0x1D, 0xFF, 0xFF, 0x51, 0x00, 0x00, 0x00, 0x00, 0x00, 0xDF, 0xFF, 0x8D,
        0x00, 0xCD, 0xFF, 0xB7, 0x00, 0x00, 0x00, 0x00, 0x47, 0xFF, 0xFF, 0x3B,
        0x00, 0x52, 0xFF, 0xFF, 0x92, 0x1A, 0x09, 0x4C, 0xE8, 0xFF, 0xC0, 0x00,
        0x00, 0x00, 0x91, 0xFF, 0xFF, 0xFF, 0xFF, 0xFF, 0xFF, 0xE2, 0x1C, 0x00,
        0x00, 0x00, 0x00, 0x54, 0xBE, 0xEE, 0xF8, 0xDA, 0x8B, 0x11, 0x00, 0x00,
        0x00, 0x00, 0x00, 0x00, 0x00, 0x00, 0x00, 0x00, 0x00, 0x00, 0x00, 0x00
    },
    {
        0x00, 0x00, 0x00, 0x00, 0x00, 0x00, 0x00, 0x00, 0x00, 0x00, 0x00, 0x00,
        0x00, 0x00, 0x00, 0x00, 0x00, 0x00, 0x00, 0x00, 0x00, 0x00, 0x00, 0x00,
        0x00, 0x00, 0x00, 0x00, 0x00, 0x00, 0x00, 0x00, 0x00, 0x00, 0x00, 0x00,
        0x00, 0x00, 0x00, 0x00, 0x00, 0x00, 0x00, 0x00, 0x00, 0x00, 0x00, 0x00,
        0x00, 0x00, 0x00, 0x00, 0x00, 0x00, 0x00, 0x00, 0x00, 0x00, 0x00, 0x00,
        0x00, 0xB0, 0xFF, 0xFF, 0xFF, 0xFF, 0xFD, 0xEE, 0xC6, 0x7B, 0x10, 0x00,
        0x00, 0xB0, 0xFF, 0xFF, 0xFF, 0xFF, 0xFF, 0xFF, 0xFF, 0xFF, 0xE3, 0x26,
        0x00, 0xB0, 0xFF, 0xAC, 0x00, 0x00, 0x06, 0x26, 0x88, 0xFC, 0xFF, 0xCC,
        0x00, 0xB0, 0xFF, 0xAC, 0x00, 0x00, 0x00, 0x00, 0x00, 0x84, 0xFF, 0xFF,
        0x00, 0xB0, 0xFF, 0xAC, 0x00, 0x00, 0x00, 0x00, 0x00, 0x2F, 0xFF, 0xFF,
        0x00, 0xB0, 0xFF, 0xAC, 0x00, 0x00, 0x00, 0x00, 0x00, 0x30, 0xFF, 0xFF,
        0x00, 0xB0, 0xFF, 0xAC, 0x00, 0x00, 0x00, 0x00, 0x00, 0x83, 0xFF, 0xFF,
        0x00, 0xB0, 0xFF, 0xAC, 0x00, 0x00, 0x05, 0x25, 0x85, 0xFC, 0xFF, 0xCD,
        0x00, 0xB0, 0xFF, 0xFF, 0xFF, 0xFF, 0xFF, 0xFF, 0xFF, 0xFF, 0xE6, 0x28,
        0x00, 0xB0, 0xFF, 0xFF, 0xFF, 0xFF, 0xFD, 0xEF, 0xC9, 0x7D, 0x11, 0x00,
        0x00, 0xB0, 0xFF, 0xAC, 0x00, 0x00, 0x00, 0x00, 0x00, 0x00, 0x00, 0x00,
        0x00, 0xB0, 0xFF, 0xAC, 0x00, 0x00, 0x00, 0x00, 0x00, 0x00, 0x00, 0x00,
        0x00, 0xB0, 0xFF, 0xAC, 0x00, 0x00, 0x00, 0x00, 0x00, 0x00, 0x00, 0x00,
        0x00, 0xB0, 0xFF, 0xAC, 0x00, 0x00, 0x00, 0x00, 0x00, 0x00, 0x00, 0x00,
        0x00, 0xB0, 0xFF, 0xAC, 0x00, 0x00, 0x00, 0x00, 0x00, 0x00, 0x00, 0x00,
        0x00, 0xB0, 0xFF, 0xAC, 0x00, 0x00, 0x00, 0x00, 0x00, 0x00, 0x00, 0x00,
        0x00, 0xB0, 0xFF, 0xAC, 0x00, 0x00, 0x00, 0x00, 0x00, 0x00, 0x00, 0x00,
        0x00, 0xB0, 0xFF, 0xAC, 0x00, 0x00, 0x00, 0x00, 0x00, 0x00, 0x00, 0x00,
        0x00, 0x00, 0x00, 0x00, 0x00, 0x00, 0x00, 0x00, 0x00, 0x00, 0x00, 0x00
    },
    {
        0x00, 0x00, 0x00, 0x00, 0x00, 0x00, 0x00, 0x00, 0x00, 0x00, 0x00, 0x00,
        0x00, 0x00, 0x00, 0x00, 0x00, 0x00, 0x00, 0x00, 0x00, 0x00, 0x00, 0x00,
        0x00, 0x00, 0x00, 0x00, 0x00, 0x00, 0x00, 0x00, 0x00, 0x00, 0x00, 0x00,
        0x00, 0x00, 0x00, 0x00, 0x00, 0x00, 0x00, 0x00, 0x00, 0x00, 0x00, 0x00,
        0x00, 0x00, 0x00, 0x00, 0x00, 0x00, 0x00, 0x00, 0x00, 0x00, 0x00, 0x00,
        0x00, 0x00, 0x00, 0x52, 0xBC, 0xED, 0xF7, 0xD9, 0x8A, 0x11, 0x00, 0x00,
        0x00, 0x00, 0x8D, 0xFF, 0xFF, 0xFF, 0xFF, 0xFF, 0xFF, 0xE1, 0x1B, 0x00,
        0x00, 0x4F, 0xFF, 0xFF, 0x94, 0x1C, 0x0A, 0x4D, 0xE9, 0xFF, 0xBF, 0x00,
        0x00, 0xCA, 0xFF, 0xB9, 0x00, 0x00, 0x00, 0x00, 0x49, 0xFF, 0xFF, 0x3B,
        0x1C, 0xFF, 0xFF, 0x51, 0x00, 0x00, 0x00, 0x00, 0x00, 0xE0, 0xFF, 0x8E,
        0x55, 0xFF, 0xFF, 0x18, 0x00, 0x00, 0x00, 0x00, 0x00, 0xA6, 0xFF, 0xC8,
        0x7A, 0xFF, 0xF6, 0x00, 0x00, 0x00, 0x00, 0x00, 0x00, 0x85, 0xFF, 0xED,
        0x90, 0xFF, 0xE2, 0x00, 0x00, 0x00, 0x00, 0x00, 0x00, 0x70, 0xFF, 0xFF,
        0x9B, 0xFF, 0xDB, 0x00, 0x00, 0x00, 0x00, 0x00, 0x00, 0x68, 0xFF, 0xFF,
        0x9B, 0xFF, 0xDA, 0x00, 0x00, 0x00, 0x00, 0x00, 0x00, 0x68, 0xFF, 0xFF,
        0x90, 0xFF, 0xE2, 0x00, 0x00, 0x00, 0x00, 0x00, 0x00, 0x6F, 0xFF, 0xFF,
        0x7B, 0xFF, 0xF6, 0x00, 0x00, 0x00, 0x00, 0x00, 0x00, 0x84, 0xFF, 0xEF,
        0x55, 0xFF, 0xFF, 0x18, 0x00, 0x00, 0x00, 0x00, 0x00, 0xA5, 0xFF, 0xCA,
        0x1C, 0xFF, 0xFF, 0x51, 0x00, 0x00, 0x00, 0x00, 0x00, 0xDF, 0xFF, 0x92,
        0x00, 0xCB, 0xFF, 0xB7, 0x00, 0x00, 0x00, 0x00, 0x47, 0xFF, 0xFF, 0x3E,
        0x00, 0x50, 0xFF, 0xFF, 0x92, 0x1A, 0x09, 0x4C, 0xE8, 0xFF, 0xC3, 0x00,
        0x00, 0x00, 0x8E, 0xFF, 0xFF, 0xFF, 0xFF, 0xFF, 0xFF, 0xE1, 0x20, 0x00,
        0x00, 0x00, 0x00, 0x53, 0xBF, 0xEF, 0xFF, 0xFF, 0xFA, 0x2A, 0x00, 0x00,
        0x00, 0x00, 0x00, 0x00, 0x00, 0x00, 0x0F, 0xCF, 0xFF, 0xD6, 0x18, 0x00
    },
    {
        0x00, 0x00, 0x00, 0x00, 0x00, 0x00, 0x00, 0x00, 0x00, 0x00, 0x00, 0x00,
        0x00, 0x00, 0x00, 0x00, 0x00, 0x00, 0x00, 0x00, 0x00, 0x00, 0x00, 0x00,
        0x00, 0x00, 0x00, 0x00, 0x00, 0x00, 0x00, 0x00, 0x00, 0x00, 0x00, 0x00,
        0x00, 0x00, 0x00, 0x00, 0x00, 0x00, 0x00, 0x00, 0x00, 0x00, 0x00, 0x00,
        0x00, 0x00, 0x00, 0x00, 0x00, 0x00, 0x00, 0x00, 0x00, 0x00, 0x00, 0x00,
        0x54, 0xFF, 0xFF, 0xFF, 0xFF, 0xFE, 0xF0, 0xCC, 0x84, 0x17, 0x00, 0x00,
        0x54, 0xFF, 0xFF, 0xFF, 0xFF, 0xFF, 0xFF, 0xFF, 0xFF, 0xEE, 0x38, 0x00,
        0x54, 0xFF, 0xFF, 0x10, 0x00, 0x03, 0x20, 0x72, 0xF3, 0xFF, 0xE2, 0x08,
        0x54, 0xFF, 0xFF, 0x10, 0x00, 0x00, 0x00, 0x00, 0x63, 0xFF, 0xFF, 0x4C,
        0x54, 0xFF, 0xFF, 0x10, 0x00, 0x00, 0x00, 0x00, 0x12, 0xFF, 0xFF, 0x75,
        0x54, 0xFF, 0xFF, 0x10, 0x00, 0x00, 0x00, 0x00, 0x10, 0xFF, 0xFF, 0x6B,
        0x54, 0xFF, 0xFF, 0x10, 0x00, 0x00, 0x00, 0x00, 0x56, 0xFF, 0xFF, 0x39,
        0x54, 0xFF, 0xFF, 0x10, 0x00, 0x01, 0x1B, 0x61, 0xEC, 0xFF, 0xB0, 0x00,
        0x54, 0xFF, 0xFF, 0xFF, 0xFF, 0xFF, 0xFF, 0xFF, 0xEB, 0x8C, 0x06, 0x00,
        0x54, 0xFF, 0xFF, 0xFF, 0xFF, 0xFF, 0xFF, 0xFF, 0xA2, 0x10, 0x00, 0x00,
        0x54, 0xFF, 0xFF, 0x10, 0x00, 0x08, 0x40, 0xD5, 0xFF, 0xC7, 0x03, 0x00,
        0x54, 0xFF, 0xFF, 0x10, 0x00, 0x00, 0x00, 0x1F, 0xF4, 0xFF, 0x68, 0x00,
        0x54, 0xFF, 0xFF, 0x10, 0x00, 0x00, 0x00, 0x00, 0x85, 0xFF, 0xE3, 0x06,
        0x54, 0xFF, 0xFF, 0x10, 0x00, 0x00, 0x00, 0x00, 0x15, 0xF7, 0xFF, 0x62,
        0x54, 0xFF, 0xFF, 0x10, 0x00, 0x00, 0x00, 0x00, 0x00, 0x9E, 0xFF, 0xD6,
        0x54, 0xFF, 0xFF, 0x10, 0x00, 0x00, 0x00, 0x00, 0x00, 0x2E, 0xFF, 0xFF,
        0x54, 0xFF, 0xFF, 0x10, 0x00, 0x00, 0x00, 0x00, 0x00, 0x00, 0xBF, 0xFF,
        0x54, 0xFF, 0xFF, 0x10, 0x00, 0x00, 0x00, 0x00, 0x00, 0x00, 0x50, 0xFF,
        0x00, 0x00, 0x00, 0x00, 0x00, 0x00, 0x00, 0x00, 0x00, 0x00, 0x00, 0x00
    },
    {
        0x00, 0x00, 0x00, 0x00, 0x00, 0x00, 0x00, 0x00, 0x00, 0x00, 0x00, 0x00,
        0x00, 0x00, 0x00, 0x00, 0x00, 0x00, 0x00, 0x00, 0x00, 0x00, 0x00, 0x00,
        0x00, 0x00, 0x00, 0x00, 0x00, 0x00, 0x00, 0x00, 0x00, 0x00, 0x00, 0x00,
        0x00, 0x00, 0x00, 0x00, 0x00, 0x00, 0x00, 0x00, 0x00, 0x00, 0x00, 0x00,
        0x00, 0x00, 0x00, 0x00, 0x00, 0x00, 0x00, 0x00, 0x00, 0x00, 0x00, 0x00,
        0x00, 0x00, 0x03, 0x64, 0xC0, 0xEE, 0xF8, 0xDE, 0xBA, 0x6F, 0x1E, 0x00,
        0x00, 0x0C, 0xC2, 0xFF, 0xFF, 0xFF, 0xFF, 0xFF, 0xFF, 0xFF, 0xDC, 0x00,
        0x00, 0xA4, 0xFF, 0xF0, 0x73, 0x21, 0x08, 0x1D, 0x3D, 0x88, 0xBB, 0x00,
        0x1A, 0xFE, 0xFF, 0x4C, 0x00, 0x00, 0x00, 0x00, 0x00, 0x00, 0x00, 0x00,
        0x4F, 0xFF, 0xF4, 0x02, 0x00, 0x00, 0x00, 0x00, 0x00, 0x00, 0x00, 0x00,
        0x5A, 0xFF, 0xFA, 0x06, 0x00, 0x00, 0x00, 0x00, 0x00, 0x00, 0x00, 0x00,
        0x36, 0xFF, 0xFF, 0x8D, 0x03, 0x00, 0x00, 0x00, 0x00, 0x00, 0x00, 0x00,
        0x01, 0xCE, 0xFF, 0xFF, 0xDF, 0x8C, 0x4C, 0x0F, 0x00, 0x00, 0x00, 0x00,
        0x00, 0x20, 0xD3, 0xFF, 0xFF, 0xFF, 0xFF, 0xFB, 0xBA, 0x47, 0x00, 0x00,
        0x00, 0x00, 0x04, 0x5E, 0xB9, 0xF7, 0xFF, 0xFF, 0xFF, 0xFF, 0x8F, 0x00,
        0x00, 0x00, 0x00, 0x00, 0x00, 0x07, 0x3E, 0x84, 0xE8, 0xFF, 0xFF, 0x50,
        0x00, 0x00, 0x00, 0x00, 0x00, 0x00, 0x00, 0x00, 0x12, 0xE0, 0xFF, 0xB1,
        0x00, 0x00, 0x00, 0x00, 0x00, 0x00, 0x00, 0x00, 0x00, 0x7E, 0xFF, 0xD7,
        0x00, 0x00, 0x00, 0x00, 0x00, 0x00, 0x00, 0x00, 0x00, 0x78, 0xFF, 0xD3,
        0x00, 0x00, 0x00, 0x00, 0x00, 0x00, 0x00, 0x00, 0x05, 0xC9, 0xFF, 0xA9,
        0x23, 0xC7, 0x77, 0x3C, 0x20, 0x08, 0x14, 0x41, 0xBB, 0xFF, 0xFF, 0x45,
        0x24, 0xFF, 0xFF, 0xFF, 0xFF, 0xFF, 0xFF, 0xFF, 0xFF, 0xFE, 0x7F, 0x00,
        0x00, 0x32, 0x7F, 0xC1, 0xDE, 0xF7, 0xF7, 0xDC, 0xA1, 0x39, 0x00, 0x00,
        0x00, 0x00, 0x00, 0x00, 0x00, 0x00, 0x00, 0x00, 0x00, 0x00, 0x00, 0x00
    },
    {
        0x00, 0x00, 0x00, 0x00, 0x00, 0x00, 0x00, 0x00, 0x00, 0x00, 0x00, 0x00,
        0x00, 0x00, 0x00, 0x00, 0x00, 0x00, 0x00, 0x00, 0x00, 0x00, 0x00, 0x00,
        0x00, 0x00, 0x00, 0x00, 0x00, 0x00, 0x00, 0x00, 0x00, 0x00, 0x00, 0x00,
        0x00, 0x00, 0x00, 0x00, 0x00, 0x00, 0x00, 0x00, 0x00, 0x00, 0x00, 0x00,
        0x00, 0x00, 0x00, 0x00, 0x00, 0x00, 0x00, 0x00, 0x00, 0x00, 0x00, 0x00,
        0xFF, 0xFF, 0xFF, 0xFF, 0xFF, 0xFF, 0xFF, 0xFF, 0xFF, 0xFF, 0xFF, 0xFF,
        0xFF, 0xFF, 0xFF, 0xFF, 0xFF, 0xFF, 0xFF, 0xFF, 0xFF, 0xFF, 0xFF, 0xFF,
        0x00, 0x00, 0x00, 0x00, 0x00, 0xF4, 0xFF, 0x6C, 0x00, 0x00, 0x00, 0x00,
        0x00, 0x00, 0x00, 0x00, 0x00, 0xF4, 0xFF, 0x6C, 0x00, 0x00, 0x00, 0x00,
        0x00, 0x00, 0x00, 0x00, 0x00, 0xF4, 0xFF, 0x6C, 0x00, 0x00, 0x00, 0x00,
        0x00, 0x00, 0x00, 0x00, 0x00, 0xF4, 0xFF, 0x6C, 0x00, 0x00, 0x00, 0x00,
        0x00, 0x00, 0x00, 0x00, 0x00, 0xF4, 0xFF, 0x6C, 0x00, 0x00, 0x00, 0x00,
        0x00, 0x00, 0x00, 0x00, 0x00, 0xF4, 0xFF, 0x6C, 0x00, 0x00, 0x00, 0x00,
        0x00, 0x00, 0x00, 0x00, 0x00, 0xF4, 0xFF, 0x6C, 0x00, 0x00, 0x00, 0x00,
        0x00, 0x00, 0x00, 0x00, 0x00, 0xF4, 0xFF, 0x6C, 0x00, 0x00, 0x00, 0x00,
        0x00, 0x00, 0x00, 0x00, 0x00, 0xF4, 0xFF, 0x6C, 0x00, 0x00, 0x00, 0x00,
        0x00, 0x00, 0x00, 0x00, 0x00, 0xF4, 0xFF, 0x6C, 0x00, 0x00, 0x00, 0x00,
        0x00, 0x00, 0x00, 0x00, 0x00, 0xF4, 0xFF, 0x6C, 0x00, 0x00, 0x00, 0x00,
        0x00, 0x00, 0x00, 0x00, 0x00, 0xF4, 0xFF, 0x6C, 0x00, 0x00, 0x00, 0x00,
        0x00, 0x00, 0x00, 0x00, 0x00, 0xF4, 0xFF, 0x6C, 0x00, 0x00, 0x00, 0x00,
        0x00, 0x00, 0x00, 0x00, 0x00, 0xF4, 0xFF, 0x6C, 0x00, 0x00, 0x00, 0x00,
        0x00, 0x00, 0x00, 0x00, 0x00, 0xF4, 0xFF, 0x6C, 0x00, 0x00, 0x00, 0x00,
        0x00, 0x00, 0x00, 0x00, 0x00, 0xF4, 0xFF, 0x6C, 0x00, 0x00, 0x00, 0x00,
        0x00, 0x00, 0x00, 0x00, 0x00, 0x00, 0x00, 0x00, 0x00, 0x00, 0x00, 0x00
    },
    {
        0x00, 0x00, 0x00, 0x00, 0x00, 0x00, 0x00, 0x00, 0x00, 0x00, 0x00, 0x00,
        0x00, 0x00, 0x00, 0x00, 0x00, 0x00, 0x00, 0x00, 0x00, 0x00, 0x00, 0x00,
        0x00, 0x00, 0x00, 0x00, 0x00, 0x00, 0x00, 0x00, 0x00, 0x00, 0x00, 0x00,
        0x00, 0x00, 0x00, 0x00, 0x00, 0x00, 0x00, 0x00, 0x00, 0x00, 0x00, 0x00,
        0x00, 0x00, 0x00, 0x00, 0x00, 0x00, 0x00, 0x00, 0x00, 0x00, 0x00, 0x00,
        0x48, 0xFF, 0xFF, 0x1C, 0x00, 0x00, 0x00, 0x00, 0x00, 0xA8, 0xFF, 0xB8,
        0x48, 0xFF, 0xFF, 0x1C, 0x00, 0x00, 0x00, 0x00, 0x00, 0xA8, 0xFF, 0xB8,
        0x48, 0xFF, 0xFF, 0x1C, 0x00, 0x00, 0x00, 0x00, 0x00, 0xA8, 0xFF, 0xB8,
        0x48, 0xFF, 0xFF, 0x1C, 0x00, 0x00, 0x00, 0x00, 0x00, 0xA8, 0xFF, 0xB8,
        0x48, 0xFF, 0xFF, 0x1C, 0x00, 0x00, 0x00, 0x00, 0x00, 0xA8, 0xFF, 0xB8,
        0x48, 0xFF, 0xFF, 0x1C, 0x00, 0x00, 0x00, 0x00, 0x00, 0xA8, 0xFF, 0xB8,
        0x48, 0xFF, 0xFF, 0x1C, 0x00, 0x00, 0x00, 0x00, 0x00, 0xA8, 0xFF, 0xB8,
        0x48, 0xFF, 0xFF, 0x1C, 0x00, 0x00, 0x00, 0x00, 0x00, 0xA8, 0xFF, 0xB8,
        0x48, 0xFF, 0xFF, 0x1C, 0x00, 0x00, 0x00, 0x00, 0x00, 0xA8, 0xFF, 0xB8,
        0x48, 0xFF, 0xFF, 0x1C, 0x00, 0x00, 0x00, 0x00, 0x00, 0xA8, 0xFF, 0xB8,
        0x48, 0xFF, 0xFF, 0x1C, 0x00, 0x00, 0x00, 0x00, 0x00, 0xA8, 0xFF, 0xB7,
        0x46, 0xFF, 0xFF, 0x1C, 0x00, 0x00, 0x00, 0x00, 0x00, 0xA8, 0xFF, 0xB4,
        0x3C, 0xFF, 0xFF, 0x1D, 0x00, 0x00, 0x00, 0x00, 0x00, 0xAB, 0xFF, 0xAB,
        0x27, 0xFF, 0xFF, 0x29, 0x00, 0x00, 0x00, 0x00, 0x00, 0xB7, 0xFF, 0x96,
        0x05, 0xF4, 0xFF, 0x6D, 0x00, 0x00, 0x00, 0x00, 0x0C, 0xEA, 0xFF, 0x69,
        0x00, 0x95, 0xFF, 0xF3, 0x64, 0x13, 0x07, 0x33, 0xC0, 0xFF, 0xF3, 0x12,
        0x00, 0x0D, 0xCA, 0xFF, 0xFF, 0xFF, 0xFF, 0xFF, 0xFF, 0xF7, 0x50, 0x00,
        0x00, 0x00, 0x06, 0x6E, 0xC8, 0xF2, 0xFA, 0xE0, 0x9D, 0x28, 0x00, 0x00,
        0x00, 0x00, 0x00, 0x00, 0x00, 0x00, 0x00, 0x00, 0x00, 0x00, 0x00, 0x00
    },
    {
        0x00, 0x00, 0x00, 0x00, 0x00, 0x00, 0x00, 0x00, 0x00, 0x00, 0x00, 0x00,
        0x00, 0x00, 0x00, 0x00, 0x00, 0x00, 0x00, 0x00, 0x00, 0x00, 0x00, 0x00,
        0x00, 0x00, 0x00, 0x00, 0x00, 0x00, 0x00, 0x00, 0x00, 0x00, 0x00, 0x00,
        0x00, 0x00, 0x00, 0x00, 0x00, 0x00, 0x00, 0x00, 0x00, 0x00, 0x00, 0x00,
        0x00, 0x00, 0x00, 0x00, 0x00, 0x00, 0x00, 0x00, 0x00, 0x00, 0x00, 0x00,
        0xFF, 0xFF, 0x40, 0x00, 0x00, 0x00, 0x00, 0x00, 0x00, 0x00, 0xCD, 0xFF,
        0xE6, 0xFF, 0x82, 0x00, 0x00, 0x00, 0x00, 0x00, 0x00, 0x11, 0xFD, 0xFF,
        0x9E, 0xFF, 0xC4, 0x00, 0x00, 0x00, 0x00, 0x00, 0x00, 0x51, 0xFF, 0xFD,
        0x55, 0xFF, 0xFA, 0x0B, 0x00, 0x00, 0x00, 0x00, 0x00, 0x93, 0xFF, 0xC8,
        0x10, 0xFC, 0xFF, 0x47, 0x00, 0x00, 0x00, 0x00, 0x00, 0xD5, 0xFF, 0x7F,
        0x00, 0xC3, 0xFF, 0x89, 0x00, 0x00, 0x00, 0x00, 0x17, 0xFF, 0xFF, 0x36,
        0x00, 0x7A, 0xFF, 0xCA, 0x00, 0x00, 0x00, 0x00, 0x59, 0xFF, 0xEB, 0x02,
        0x00, 0x31, 0xFF, 0xFC, 0x0F, 0x00, 0x00, 0x00, 0x9B, 0xFF, 0xA4, 0x00,
        0x00, 0x01, 0xE7, 0xFF, 0x4E, 0x00, 0x00, 0x00, 0xDD, 0xFF, 0x5B, 0x00,
        0x00, 0x00, 0xA0, 0xFF, 0x8F, 0x00, 0x00, 0x1E, 0xFF, 0xFE, 0x15, 0x00,
        0x00, 0x00, 0x57, 0xFF, 0xD1, 0x00, 0x00, 0x61, 0xFF, 0xCA, 0x00, 0x00,
        0x00, 0x00, 0x11, 0xFC, 0xFE, 0x14, 0x00, 0xA3, 0xFF, 0x81, 0x00, 0x00,
        0x00, 0x00, 0x00, 0xC5, 0xFF, 0x55, 0x00, 0xE4, 0xFF, 0x38, 0x00, 0x00,
        0x00, 0x00, 0x00, 0x7C, 0xFF, 0x96, 0x27, 0xFF, 0xEC, 0x02, 0x00, 0x00,
        0x00, 0x00, 0x00, 0x33, 0xFF, 0xD8, 0x69, 0xFF, 0xA6, 0x00, 0x00, 0x00,
        0x00, 0x00, 0x00, 0x01, 0xE8, 0xFF, 0xC4, 0xFF, 0x5D, 0x00, 0x00, 0x00,
        0x00, 0x00, 0x00, 0x00, 0xA1, 0xFF, 0xFF, 0xFE, 0x16, 0x00, 0x00, 0x00,
        0x00, 0x00, 0x00, 0x00, 0x58, 0xFF, 0xFF, 0xCC, 0x00, 0x00, 0x00, 0x00,
        0x00, 0x00, 0x00, 0x00, 0x00, 0x00, 0x00, 0x00, 0x00, 0x00, 0x00, 0x00
    },
    {
        0x00, 0x00, 0x00, 0x00, 0x00, 0x00, 0x00, 0x00, 0x00, 0x00, 0x00, 0x00,
        0x00, 0x00, 0x00, 0x00, 0x00, 0x00, 0x00, 0x00, 0x00, 0x00, 0x00, 0x00,
        0x00, 0x00, 0x00, 0x00, 0x00, 0x00, 0x00, 0x00, 0x00, 0x00, 0x00, 0x00,
        0x00, 0x00, 0x00, 0x00, 0x00, 0x00, 0x00, 0x00, 0x00, 0x00, 0x00, 0x00,
        0x00, 0x00, 0x00, 0x00, 0x00, 0x00, 0x00, 0x00, 0x00, 0x00, 0x00, 0x00,
        0xFF, 0x5E, 0x00, 0x00, 0x00, 0x00, 0x00, 0x00, 0x00, 0x00, 0x00, 0xEB,
        0xFF, 0x7B, 0x00, 0x00, 0x00, 0x00, 0x00, 0x00, 0x00, 0x00, 0x08, 0xFF,
        0xFF, 0x98, 0x00, 0x00, 0x00, 0x00, 0x00, 0x00, 0x00, 0x00, 0x25, 0xFF,
        0xFF, 0xB6, 0x00, 0x00, 0x00, 0x00, 0x00, 0x00, 0x00, 0x00, 0x42, 0xFF,
        0xFF, 0xD3, 0x00, 0x00, 0x00, 0x00, 0x00, 0x00, 0x00, 0x00, 0x60, 0xFF,
        0xFF, 0xF0, 0x00, 0x00, 0x1F, 0xFF, 0xFF, 0x8E, 0x00, 0x00, 0x7D, 0xFF,
        0xFF, 0xFF, 0x0D, 0x00, 0x54, 0xFF, 0xFF, 0xC3, 0x00, 0x00, 0x9A, 0xFF,
        0xEA, 0xFF, 0x2B, 0x00, 0x89, 0xFF, 0xE8, 0xF5, 0x03, 0x00, 0xB7, 0xFF,
        0xC5, 0xFF, 0x48, 0x00, 0xBE, 0xF3, 0x8A, 0xFF, 0x2E, 0x00, 0xD4, 0xFF,
        0xA0, 0xFF, 0x65, 0x01, 0xF1, 0xBE, 0x4E, 0xFF, 0x64, 0x00, 0xF1, 0xFF,
        0x7A, 0xFF, 0x82, 0x29, 0xFF, 0x85, 0x15, 0xFF, 0x99, 0x0F, 0xFF, 0xEE,
        0x55, 0xFF, 0xA0, 0x5E, 0xFF, 0x4C, 0x00, 0xDB, 0xCF, 0x2C, 0xFF, 0xC8,
        0x30, 0xFF, 0xBD, 0x93, 0xFF, 0x14, 0x00, 0xA2, 0xFB, 0x52, 0xFF, 0xA3,
        0x0B, 0xFF, 0xDA, 0xC8, 0xDB, 0x00, 0x00, 0x69, 0xFF, 0xA0, 0xFF, 0x7E,
        0x00, 0xE6, 0xF7, 0xF8, 0xA2, 0x00, 0x00, 0x30, 0xFF, 0xED, 0xFF, 0x59,
        0x00, 0xC1, 0xFF, 0xFF, 0x69, 0x00, 0x00, 0x03, 0xF3, 0xFF, 0xFF, 0x34,
        0x00, 0x9C, 0xFF, 0xFF, 0x30, 0x00, 0x00, 0x00, 0xBE, 0xFF, 0xFF, 0x0F,
        0x00, 0x77, 0xFF, 0xF4, 0x03, 0x00, 0x00, 0x00, 0x85, 0xFF, 0xEA, 0x00,
        0x00, 0x00, 0x00, 0x00, 0x00, 0x00, 0x00, 0x00, 0x00, 0x00, 0x00, 0x00
    },
    {
        0x00, 0x00, 0x00, 0x00, 0x00, 0x00, 0x00, 0x00, 0x00, 0x00, 0x00, 0x00,
        0x00, 0x00, 0x00, 0x00, 0x00, 0x00, 0x00, 0x00, 0x00, 0x00, 0x00, 0x00,
        0x00, 0x00, 0x00, 0x00, 0x00, 0x00, 0x00, 0x00, 0x00, 0x00, 0x00, 0x00,
        0x00, 0x00, 0x00, 0x00, 0x00, 0x00, 0x00, 0x00, 0x00, 0x00, 0x00, 0x00,
        0x00, 0x00, 0x00, 0x00, 0x00, 0x00, 0x00, 0x00, 0x00, 0x00, 0x00, 0x00,
        0xB0, 0xFF, 0xD1, 0x02, 0x00, 0x00, 0x00, 0x00, 0x00, 0x0F, 0xEA, 0xFF,
        0x20, 0xF6, 0xFF, 0x65, 0x00, 0x00, 0x00, 0x00, 0x00, 0x8F, 0xFF, 0xE1,
        0x00, 0x7D, 0xFF, 0xE8, 0x0D, 0x00, 0x00, 0x00, 0x27, 0xFA, 0xFF, 0x4F,
        0x00, 0x07, 0xDC, 0xFF, 0x87, 0x00, 0x00, 0x00, 0xB6, 0xFF, 0xB0, 0x00,
        0x00, 0x00, 0x4B, 0xFF, 0xF8, 0x20, 0x00, 0x4B, 0xFF, 0xF4, 0x1D, 0x00,
        0x00, 0x00, 0x00, 0xB2, 0xFF, 0xA9, 0x05, 0xD8, 0xFF, 0x72, 0x00, 0x00,
        0x00, 0x00, 0x00, 0x22, 0xF7, 0xFF, 0xA7, 0xFF, 0xD0, 0x03, 0x00, 0x00,
        0x00, 0x00, 0x00, 0x00, 0x80, 0xFF, 0xFF, 0xFD, 0x37, 0x00, 0x00, 0x00,
        0x00, 0x00, 0x00, 0x00, 0x15, 0xFD, 0xFF, 0xC2, 0x00, 0x00, 0x00, 0x00,
        0x00, 0x00, 0x00, 0x00, 0x8E, 0xFF, 0xFF, 0xFE, 0x38, 0x00, 0x00, 0x00,
        0x00, 0x00, 0x00, 0x2F, 0xFC, 0xFF, 0xAE, 0xFF, 0xCC, 0x02, 0x00, 0x00,
        0x00, 0x00, 0x01, 0xC7, 0xFF, 0xA4, 0x08, 0xE2, 0xFF, 0x65, 0x00, 0x00,
        0x00, 0x00, 0x67, 0xFF, 0xF2, 0x19, 0x00, 0x5D, 0xFF, 0xEB, 0x11, 0x00,
        0x00, 0x15, 0xEE, 0xFF, 0x73, 0x00, 0x00, 0x01, 0xCD, 0xFF, 0x93, 0x00,
        0x00, 0xA1, 0xFF, 0xD5, 0x05, 0x00, 0x00, 0x00, 0x41, 0xFF, 0xFC, 0x2E,
        0x3F, 0xFF, 0xFF, 0x42, 0x00, 0x00, 0x00, 0x00, 0x00, 0xB3, 0xFF, 0xC1,
        0xD6, 0xFF, 0xA8, 0x00, 0x00, 0x00, 0x00, 0x00, 0x00, 0x29, 0xFB, 0xFF,
        0xFF, 0xF4, 0x1C, 0x00, 0x00, 0x00, 0x00, 0x00, 0x00, 0x00, 0x97, 0xFF,
        0x00, 0x00, 0x00, 0x00, 0x00, 0x00, 0x00, 0x00, 0x00, 0x00, 0x00, 0x00
    },
    {
        0x00, 0x00, 0x00, 0x00, 0x00, 0x00, 0x00, 0x00, 0x00, 0x00, 0x00, 0x00,
        0x00, 0x00, 0x00, 0x00, 0x00, 0x00, 0x00, 0x00, 0x00, 0x00, 0x00, 0x00,
        0x00, 0x00, 0x00, 0x00, 0x00, 0x00, 0x00, 0x00, 0x00, 0x00, 0x00, 0x00,
        0x00, 0x00, 0x00, 0x00, 0x00, 0x00, 0x00, 0x00, 0x00, 0x00, 0x00, 0x00,
        0x00, 0x00, 0x00, 0x00, 0x00, 0x00, 0x00, 0x00, 0x00, 0x00, 0x00, 0x00,
        0xFF, 0xFF, 0x38, 0x00, 0x00, 0x00, 0x00, 0x00, 0x00, 0x01, 0xCB, 0xFF,
        0xB8, 0xFF, 0xC1, 0x00, 0x00, 0x00, 0x00, 0x00, 0x00, 0x56, 0xFF, 0xFC,
        0x2B, 0xFC, 0xFF, 0x4B, 0x00, 0x00, 0x00, 0x00, 0x04, 0xDA, 0xFF, 0x99,
        0x00, 0x97, 0xFF, 0xD2, 0x02, 0x00, 0x00, 0x00, 0x68, 0xFF, 0xF2, 0x16,
        0x00, 0x15, 0xF1, 0xFF, 0x5E, 0x00, 0x00, 0x0A, 0xE6, 0xFF, 0x78, 0x00,
        0x00, 0x00, 0x77, 0xFF, 0xE0, 0x07, 0x00, 0x7A, 0xFF, 0xDF, 0x08, 0x00,
        0x00, 0x00, 0x07, 0xDE, 0xFF, 0x72, 0x12, 0xF0, 0xFF, 0x56, 0x00, 0x00,
        0x00, 0x00, 0x00, 0x56, 0xFF, 0xEC, 0x9A, 0xFF, 0xC5, 0x00, 0x00, 0x00,
        0x00, 0x00, 0x00, 0x00, 0xC5, 0xFF, 0xFF, 0xFE, 0x37, 0x00, 0x00, 0x00,
        0x00, 0x00, 0x00, 0x00, 0x36, 0xFF, 0xFF, 0xA5, 0x00, 0x00, 0x00, 0x00,
        0x00, 0x00, 0x00, 0x00, 0x00, 0xF8, 0xFF, 0x68, 0x00, 0x00, 0x00, 0x00,
        0x00, 0x00, 0x00, 0x00, 0x00, 0xF8, 0xFF, 0x68, 0x00, 0x00, 0x00, 0x00,
        0x00, 0x00, 0x00, 0x00, 0x00, 0xF8, 0xFF, 0x68, 0x00, 0x00, 0x00, 0x00,
        0x00, 0x00, 0x00, 0x00, 0x00, 0xF8, 0xFF, 0x68, 0x00, 0x00, 0x00, 0x00,
        0x00, 0x00, 0x00, 0x00, 0x00, 0xF8, 0xFF, 0x68, 0x00, 0x00, 0x00, 0x00,
        0x00, 0x00, 0x00, 0x00, 0x00, 0xF8, 0xFF, 0x68, 0x00, 0x00, 0x00, 0x00,
        0x00, 0x00, 0x00, 0x00, 0x00, 0xF8, 0xFF, 0x68, 0x00, 0x00, 0x00, 0x00,
        0x00, 0x00, 0x00, 0x00, 0x00, 0xF8, 0xFF, 0x68, 0x00, 0x00, 0x00, 0x00,
        0x00, 0x00, 0x00, 0x00, 0x00, 0x00, 0x00, 0x00, 0x00, 0x00, 0x00, 0x00
    },
    {
        0x00, 0x00, 0x00, 0x00, 0x00, 0x00, 0x00, 0x00, 0x00, 0x00, 0x00, 0x00,
        0x00, 0x00, 0x00, 0x00, 0x00, 0x00, 0x00, 0x00, 0x00, 0x00, 0x00, 0x00,
        0x00, 0x00, 0x00, 0x00, 0x00, 0x00, 0x00, 0x00, 0x00, 0x00, 0x00, 0x00,
        0x00, 0x00, 0x00, 0x00, 0x00, 0x00, 0x00, 0x00, 0x00, 0x00, 0x00, 0x00,
        0x00, 0x00, 0x00, 0x00, 0x00, 0x00, 0x00, 0x00, 0x00, 0x00, 0x00, 0x00,
        0x00, 0xE8, 0xFF, 0xFF, 0xFF, 0xFF, 0xFF, 0xFF, 0xFF, 0xFF, 0xFF, 0xFF,
        0x00, 0xE8, 0xFF, 0xFF, 0xFF, 0xFF, 0xFF, 0xFF, 0xFF, 0xFF, 0xFF, 0xFF,
        0x00, 0x00, 0x00, 0x00, 0x00, 0x00, 0x00, 0x00, 0x00, 0x99, 0xFF, 0xEE,
        0x00, 0x00, 0x00, 0x00, 0x00, 0x00, 0x00, 0x00, 0x3B, 0xFE, 0xFF, 0x60,
        0x00, 0x00, 0x00, 0x00, 0x00, 0x00, 0x00, 0x05, 0xD4, 0xFF, 0xBA, 0x00,
        0x00, 0x00, 0x00, 0x00, 0x00, 0x00, 0x00, 0x7B, 0xFF, 0xF4, 0x20, 0x00,
        0x00, 0x00, 0x00, 0x00, 0x00, 0x00, 0x24, 0xF7, 0xFF, 0x6F, 0x00, 0x00,
        0x00, 0x00, 0x00, 0x00, 0x00, 0x00, 0xBC, 0xFF, 0xC7, 0x02, 0x00, 0x00,
        0x00, 0x00, 0x00, 0x00, 0x00, 0x5E, 0xFF, 0xF9, 0x2B, 0x00, 0x00, 0x00,
        0x00, 0x00, 0x00, 0x00, 0x13, 0xEB, 0xFF, 0x7F, 0x00, 0x00, 0x00, 0x00,
        0x00, 0x00, 0x00, 0x00, 0xA0, 0xFF, 0xD4, 0x06, 0x00, 0x00, 0x00, 0x00,
        0x00, 0x00, 0x00, 0x41, 0xFF, 0xFD, 0x37, 0x00, 0x00, 0x00, 0x00, 0x00,
        0x00, 0x00, 0x07, 0xDA, 0xFF, 0x8E, 0x00, 0x00, 0x00, 0x00, 0x00, 0x00,
        0x00, 0x00, 0x83, 0xFF, 0xDE, 0x0B, 0x00, 0x00, 0x00, 0x00, 0x00, 0x00,
        0x00, 0x2A, 0xF9, 0xFF, 0x44, 0x00, 0x00, 0x00, 0x00, 0x00, 0x00, 0x00,
        0x01, 0xC3, 0xFF, 0x9E, 0x00, 0x00, 0x00, 0x00, 0x00, 0x00, 0x00, 0x00,
        0x2A, 0xFF, 0xFF, 0xFF, 0xFF, 0xFF, 0xFF, 0xFF, 0xFF, 0xFF, 0xFF, 0xFF,
        0x2C, 0xFF, 0xFF, 0xFF, 0xFF, 0xFF, 0xFF, 0xFF, 0xFF, 0xFF, 0xFF, 0xFF,
        0x00, 0x00, 0x00, 0x00, 0x00, 0x00, 0x00, 0x00, 0x00, 0x00, 0x00, 0x00
    },
    {
        0x00, 0x00, 0x00, 0x00, 0x00, 0x00, 0x00, 0x00, 0x00, 0x00, 0x00, 0x00,
        0x00, 0x00, 0x00, 0x00, 0x00, 0x00, 0x00, 0x00, 0x00, 0x00, 0x00, 0x00,
        0x00, 0x00, 0x00, 0x00, 0x00, 0x00, 0x00, 0x00, 0x00, 0x00, 0x00, 0x00,
        0x00, 0x00, 0x00, 0x00, 0x00, 0x00, 0x00, 0x00, 0x00, 0x00, 0x00, 0x00,
        0x00, 0x00, 0x00, 0x00, 0x00, 0x00, 0x00, 0x00, 0x00, 0x00, 0x00, 0x00,
        0x00, 0x00, 0x00, 0x00, 0x94, 0xFF, 0xFF, 0xFF, 0xFF, 0x64, 0x00, 0x00,
        0x00, 0x00, 0x00, 0x00, 0x94, 0xFF, 0xFF, 0xFF, 0xFF, 0x64, 0x00, 0x00,
        0x00, 0x00, 0x00, 0x00, 0x94, 0xFF, 0x94, 0x00, 0x00, 0x00, 0x00, 0x00,
        0x00, 0x00, 0x00, 0x00, 0x94, 0xFF, 0x94, 0x00, 0x00, 0x00, 0x00, 0x00,
        0x00, 0x00, 0x00, 0x00, 0x94, 0xFF, 0x94, 0x00, 0x00, 0x00, 0x00, 0x00,
        0x00, 0x00, 0x00, 0x00, 0x94, 0xFF, 0x94, 0x00, 0x00, 0x00, 0x00, 0x00,
        0x00, 0x00, 0x00, 0x00, 0x94, 0xFF, 0x94, 0x00, 0x00, 0x00, 0x00, 0x00,
        0x00, 0x00, 0x00, 0x00, 0x94, 0xFF, 0x94, 0x00, 0x00, 0x00, 0x00, 0x00,
        0x00, 0x00, 0x00, 0x00, 0x94, 0xFF, 0x94, 0x00, 0x00, 0x00, 0x00, 0x00,
        0x00, 0x00, 0x00, 0x00, 0x94, 0xFF, 0x94, 0x00, 0x00, 0x00, 0x00, 0x00,
        0x00, 0x00, 0x00, 0x00, 0x94, 0xFF, 0x94, 0x00, 0x00, 0x00, 0x00, 0x00,
        0x00, 0x00, 0x00, 0x00, 0x94, 0xFF, 0x94, 0x00, 0x00, 0x00, 0x00, 0x00,
        0x00, 0x00, 0x00, 0x00, 0x94, 0xFF, 0x94, 0x00, 0x00, 0x00, 0x00, 0x00,
        0x00, 0x00, 0x00, 0x00, 0x94, 0xFF, 0x94, 0x00, 0x00, 0x00, 0x00, 0x00,
        0x00, 0x00, 0x00, 0x00, 0x94, 0xFF, 0x94, 0x00, 0x00, 0x00, 0x00, 0x00,
        0x00, 0x00, 0x00, 0x00, 0x94, 0xFF, 0x94, 0x00, 0x00, 0x00, 0x00, 0x00,
        0x00, 0x00, 0x00, 0x00, 0x94, 0xFF, 0x94, 0x00, 0x00, 0x00, 0x00, 0x00,
        0x00, 0x00, 0x00, 0x00, 0x94, 0xFF, 0x94, 0x00, 0x00, 0x00, 0x00, 0x00,
        0x00, 0x00, 0x00, 0x00, 0x94, 0xFF, 0x94, 0x00, 0x00, 0x00, 0x00, 0x00
    },
    {
        0x00, 0x00, 0x00, 0x00, 0x00, 0x00, 0x00, 0x00, 0x00, 0x00, 0x00, 0x00,
        0x00, 0x00, 0x00, 0x00, 0x00, 0x00, 0x00, 0x00, 0x00, 0x00, 0x00, 0x00,
        0x00, 0x00, 0x00, 0x00, 0x00, 0x00, 0x00, 0x00, 0x00, 0x00, 0x00, 0x00,
        0x00, 0x00, 0x00, 0x00, 0x00, 0x00, 0x00, 0x00, 0x00, 0x00, 0x00, 0x00,
        0x00, 0x00, 0x00, 0x00, 0x00, 0x00, 0x00, 0x00, 0x00, 0x00, 0x00, 0x00,
        0x92, 0xFF, 0xAA, 0x00, 0x00, 0x00, 0x00, 0x00, 0x00, 0x00, 0x00, 0x00,
        0x1F, 0xFB, 0xFC, 0x23, 0x00, 0x00, 0x00, 0x00, 0x00, 0x00, 0x00, 0x00,
        0x00, 0xA6, 0xFF, 0x96, 0x00, 0x00, 0x00, 0x00, 0x00, 0x00, 0x00, 0x00,
        0x00, 0x30, 0xFF, 0xF6, 0x15, 0x00, 0x00, 0x00, 0x00, 0x00, 0x00, 0x00,
        0x00, 0x00, 0xBA, 0xFF, 0x81, 0x00, 0x00, 0x00, 0x00, 0x00, 0x00, 0x00,
        0x00, 0x00, 0x44, 0xFF, 0xEC, 0x0A, 0x00, 0x00, 0x00, 0x00, 0x00, 0x00,
        0x00, 0x00, 0x00, 0xCD, 0xFF, 0x6D, 0x00, 0x00, 0x00, 0x00, 0x00, 0x00,
        0x00, 0x00, 0x00, 0x58, 0xFF, 0xDF, 0x03, 0x00, 0x00, 0x00, 0x00, 0x00,
        0x00, 0x00, 0x00, 0x03, 0xDE, 0xFF, 0x59, 0x00, 0x00, 0x00, 0x00, 0x00,
        0x00, 0x00, 0x00, 0x00, 0x6C, 0xFF, 0xCE, 0x00, 0x00, 0x00, 0x00, 0x00,
        0x00, 0x00, 0x00, 0x00, 0x0A, 0xEB, 0xFF, 0x44, 0x00, 0x00, 0x00, 0x00,
        0x00, 0x00, 0x00, 0x00, 0x00, 0x80, 0xFF, 0xBA, 0x00, 0x00, 0x00, 0x00,
        0x00, 0x00, 0x00, 0x00, 0x00, 0x13, 0xF5, 0xFF, 0x30, 0x00, 0x00, 0x00,
        0x00, 0x00, 0x00, 0x00, 0x00, 0x00, 0x94, 0xFF, 0xA6, 0x00, 0x00, 0x00,
        0x00, 0x00, 0x00, 0x00, 0x00, 0x00, 0x21, 0xFC, 0xFB, 0x1F, 0x00, 0x00,
        0x00, 0x00, 0x00, 0x00, 0x00, 0x00, 0x00, 0xA8, 0xFF, 0x91, 0x00, 0x00,
        0x00, 0x00, 0x00, 0x00, 0x00, 0x00, 0x00, 0x32, 0xFF, 0xF4, 0x12, 0x00,
        0x00, 0x00, 0x00, 0x00, 0x00, 0x00, 0x00, 0x00, 0xBC, 0xFF, 0x7D, 0x00,
        0x00, 0x00, 0x00, 0x00, 0x00, 0x00, 0x00, 0x00, 0x46, 0xFF, 0xEA, 0x08
    },
    {
        0x00, 0x00, 0x00, 0x00, 0x00, 0x00, 0x00, 0x00, 0x00, 0x00, 0x00, 0x00,
        0x00, 0x00, 0x00, 0x00, 0x00, 0x00, 0x00, 0x00, 0x00, 0x00, 0x00, 0x00,
        0x00, 0x00, 0x00, 0x00, 0x00, 0x00, 0x00, 0x00, 0x00, 0x00, 0x00, 0x00,
        0x00, 0x00, 0x00, 0x00, 0x00, 0x00, 0x00, 0x00, 0x00, 0x00, 0x00, 0x00,
        0x00, 0x00, 0x00, 0x00, 0x00, 0x00, 0x00, 0x00, 0x00, 0x00, 0x00, 0x00,
        0x00, 0x00, 0x00, 0xF0, 0xFF, 0xFF, 0xFF, 0xFF, 0x08, 0x00, 0x00, 0x00,
        0x00, 0x00, 0x00, 0xF0, 0xFF, 0xFF, 0xFF, 0xFF, 0x08, 0x00, 0x00, 0x00,
        0x00, 0x00, 0x00, 0x00, 0x00, 0x20, 0xFF, 0xFF, 0x08, 0x00, 0x00, 0x00,
        0x00, 0x00, 0x00, 0x00, 0x00, 0x20, 0xFF, 0xFF, 0x08, 0x00, 0x00, 0x00,
        0x00, 0x00, 0x00, 0x00, 0x00, 0x20, 0xFF, 0xFF, 0x08, 0x00, 0x00, 0x00,
        0x00, 0x00, 0x00, 0x00, 0x00, 0x20, 0xFF, 0xFF, 0x08, 0x00, 0x00, 0x00,
        0x00, 0x00, 0x00, 0x00, 0x00, 0x20, 0xFF, 0xFF, 0x08, 0x00, 0x00, 0x00,
        0x00, 0x00, 0x00, 0x00, 0x00, 0x20, 0xFF, 0xFF, 0x08, 0x00, 0x00, 0x00,
        0x00, 0x00, 0x00, 0x00, 0x00, 0x20, 0xFF, 0xFF, 0x08, 0x00, 0x00, 0x00,
        0x00, 0x00, 0x00, 0x00, 0x00, 0x20, 0xFF, 0xFF, 0x08, 0x00, 0x00, 0x00,
        0x00, 0x00, 0x00, 0x00, 0x00, 0x20, 0xFF, 0xFF, 0x08, 0x00, 0x00, 0x00,
        0x00, 0x00, 0x00, 0x00, 0x00, 0x20, 0xFF, 0xFF, 0x08, 0x00, 0x00, 0x00,
        0x00, 0x00, 0x00, 0x00, 0x00, 0x20, 0xFF, 0xFF, 0x08, 0x00, 0x00, 0x00,
        0x00, 0x00, 0x00, 0x00, 0x00, 0x20, 0xFF, 0xFF, 0x08, 0x00, 0x00, 0x00,
        0x00, 0x00, 0x00, 0x00, 0x00, 0x20, 0xFF, 0xFF, 0x08, 0x00, 0x00, 0x00,
        0x00, 0x00, 0x00, 0x00, 0x00, 0x20, 0xFF, 0xFF, 0x08, 0x00, 0x00, 0x00,
        0x00, 0x00, 0x00, 0x00, 0x00, 0x20, 0xFF, 0xFF, 0x08, 0x00, 0x00, 0x00,
        0x00, 0x00, 0x00, 0x00, 0x00, 0x20, 0xFF, 0xFF, 0x08, 0x00, 0x00, 0x00,
        0x00, 0x00, 0x00, 0x00, 0x00, 0x20, 0xFF, 0xFF, 0x08, 0x00, 0x00, 0x00
    },
    {
        0x00, 0x00, 0x00, 0x00, 0x00, 0x00, 0x00, 0x00, 0x00, 0x00, 0x00, 0x00,
        0x00, 0x00, 0x00, 0x00, 0x00, 0x00, 0x00, 0x00, 0x00, 0x00, 0x00, 0x00,
        0x00, 0x00, 0x00, 0x00, 0x00, 0x00, 0x00, 0x00, 0x00, 0x00, 0x00, 0x00,
        0x00, 0x00, 0x00, 0x00, 0x00, 0x00, 0x00, 0x00, 0x00, 0x00, 0x00, 0x00,
        0x00, 0x00, 0x00, 0x00, 0x00, 0x00, 0x00, 0x00, 0x00, 0x00, 0x00, 0x00,
        0x00, 0x00, 0x00, 0x00, 0x37, 0xFA, 0xFF, 0xA4, 0x00, 0x00, 0x00, 0x00,
        0x00, 0x00, 0x00, 0x13, 0xE1, 0xFF, 0xFF, 0xFF, 0x68, 0x00, 0x00, 0x00,
        0x00, 0x00, 0x01, 0xB6, 0xFF, 0xC7, 0x69, 0xFF, 0xF8, 0x33, 0x00, 0x00,
        0x00, 0x00, 0x7C, 0xFF, 0xDE, 0x16, 0x00, 0x83, 0xFF, 0xDE, 0x10, 0x00,
        0x00, 0x42, 0xFD, 0xEF, 0x28, 0x00, 0x00, 0x00, 0xA4, 0xFF, 0xB1, 0x01,
        0x19, 0xE9, 0xFA, 0x41, 0x00, 0x00, 0x00, 0x00, 0x06, 0xC1, 0xFF, 0x76,
        0xC2, 0xFF, 0x5E, 0x00, 0x00, 0x00, 0x00, 0x00, 0x00, 0x12, 0xD8, 0xFB,
        0x00, 0x00, 0x00, 0x00, 0x00, 0x00, 0x00, 0x00, 0x00, 0x00, 0x00, 0x00,
        0x00, 0x00, 0x00, 0x00, 0x00, 0x00, 0x00, 0x00, 0x00, 0x00, 0x00, 0x00,
        0x00, 0x00, 0x00, 0x00, 0x00, 0x00, 0x00, 0x00, 0x00, 0x00, 0x00, 0x00,
        0x00, 0x00, 0x00, 0x00, 0x00, 0x00, 0x00, 0x00, 0x00, 0x00, 0x00, 0x00,
        0x00, 0x00, 0x00, 0x00, 0x00, 0x00, 0x00, 0x00, 0x00, 0x00, 0x00, 0x00,
        0x00, 0x00, 0x00, 0x00, 0x00, 0x00, 0x00, 0x00, 0x00, 0x00, 0x00, 0x00,
        0x00, 0x00, 0x00, 0x00, 0x00, 0x00, 0x00, 0x00, 0x00, 0x00, 0x00, 0x00,
        0x00, 0x00, 0x00, 0x00, 0x00, 0x00, 0x00, 0x00, 0x00, 0x00, 0x00, 0x00,
        0x00, 0x00, 0x00, 0x00, 0x00, 0x00, 0x00, 0x00, 0x00, 0x00, 0x00, 0x00,
        0x00, 0x00, 0x00, 0x00, 0x00, 0x00, 0x00, 0x00, 0x00, 0x00, 0x00, 0x00,
        0x00, 0x00, 0x00, 0x00, 0x00, 0x00, 0x00, 0x00, 0x00, 0x00, 0x00, 0x00,
        0x00, 0x00, 0x00, 0x00, 0x00, 0x00, 0x00, 0x00, 0x00, 0x00, 0x00, 0x00
    },
    {
        0x00, 0x00, 0x00, 0x00, 0x00, 0x00, 0x00, 0x00, 0x00, 0x00, 0x00, 0x00,
        0x00, 0x00, 0x00, 0x00, 0x00, 0x00, 0x00, 0x00, 0x00, 0x00, 0x00, 0x00,
        0x00, 0x00, 0x00, 0x00, 0x00, 0x00, 0x00, 0x00, 0x00, 0x00, 0x00, 0x00,
        0x00, 0x00, 0x00, 0x00, 0x00, 0x00, 0x00, 0x00, 0x00, 0x00, 0x00, 0x00,
        0x00, 0x00, 0x00, 0x00, 0x00, 0x00, 0x00, 0x00, 0x00, 0x00, 0x00, 0x00,
        0x00, 0x00, 0x00, 0x00, 0x00, 0x00, 0x00, 0x00, 0x00, 0x00, 0x00, 0x00,
        0x00, 0x00, 0x00, 0x00, 0x00, 0x00, 0x00, 0x00, 0x00, 0x00, 0x00, 0x00,
        0x00, 0x00, 0x00, 0x00, 0x00, 0x00, 0x00, 0x00, 0x00, 0x00, 0x00, 0x00,
        0x00, 0x00, 0x00, 0x00, 0x00, 0x00, 0x00, 0x00, 0x00, 0x00, 0x00, 0x00,
        0x00, 0x00, 0x00, 0x00, 0x00, 0x00, 0x00, 0x00, 0x00, 0x00, 0x00, 0x00,
        0x00, 0x00, 0x00, 0x00, 0x00, 0x00, 0x00, 0x00, 0x00, 0x00, 0x00, 0x00,
        0x00, 0x00, 0x00, 0x00, 0x00, 0x00, 0x00, 0x00, 0x00, 0x00, 0x00, 0x00,
        0x00, 0x00, 0x00, 0x00, 0x00, 0x00, 0x00, 0x00, 0x00, 0x00, 0x00, 0x00,
        0x00, 0x00, 0x00, 0x00, 0x00, 0x00, 0x00, 0x00, 0x00, 0x00, 0x00, 0x00,
        0x00, 0x00, 0x00, 0x00, 0x00, 0x00, 0x00, 0x00, 0x00, 0x00, 0x00, 0x00,
        0x00, 0x00, 0x00, 0x00, 0x00, 0x00, 0x00, 0x00, 0x00, 0x00, 0x00, 0x00,
        0x00, 0x00, 0x00, 0x00, 0x00, 0x00, 0x00, 0x00, 0x00, 0x00, 0x00, 0x00,
        0x00, 0x00, 0x00, 0x00, 0x00, 0x00, 0x00, 0x00, 0x00, 0x00, 0x00, 0x00,
        0x00, 0x00, 0x00, 0x00, 0x00, 0x00, 0x00, 0x00, 0x00, 0x00, 0x00, 0x00,
        0x00, 0x00, 0x00, 0x00, 0x00, 0x00, 0x00, 0x00, 0x00, 0x00, 0x00, 0x00,
        0x00, 0x00, 0x00, 0x00, 0x00, 0x00, 0x00, 0x00, 0x00, 0x00, 0x00, 0x00,
        0x00, 0x00, 0x00, 0x00, 0x00, 0x00, 0x00, 0x00, 0x00, 0x00, 0x00, 0x00,
        0x00, 0x00, 0x00, 0x00, 0x00, 0x00, 0x00, 0x00, 0x00, 0x00, 0x00, 0x00,
        0x00, 0x00, 0x00, 0x00, 0x00, 0x00, 0x00, 0x00, 0x00, 0x00, 0x00, 0x00
    },
    {
        0x00, 0x00, 0x00, 0x00, 0x00, 0x00, 0x00, 0x00, 0x00, 0x00, 0x00, 0x00,
        0x00, 0x00, 0x00, 0x00, 0x00, 0x00, 0x00, 0x00, 0x00, 0x00, 0x00, 0x00,
        0x00, 0x00, 0x00, 0x00, 0x00, 0x00, 0x00, 0x00, 0x00, 0x00, 0x00, 0x00,
        0x00, 0x00, 0x00, 0x00, 0x00, 0x00, 0x00, 0x00, 0x00, 0x00, 0x00, 0x00,
        0x00, 0x00, 0x49, 0xF9, 0xE5, 0x1A, 0x00, 0x00, 0x00, 0x00, 0x00, 0x00,
        0x00, 0x00, 0x00, 0x52, 0xFC, 0xCA, 0x08, 0x00, 0x00, 0x00, 0x00, 0x00,
        0x00, 0x00, 0x00, 0x00, 0x5C, 0xFE, 0xA6, 0x00, 0x00, 0x00, 0x00, 0x00,
        0x00, 0x00, 0x00, 0x00, 0x00, 0x67, 0xFF, 0x7A, 0x00, 0x00, 0x00, 0x00,
        0x00, 0x00, 0x00, 0x00, 0x00, 0x00, 0x00, 0x00, 0x00, 0x00, 0x00, 0x00,
        0x00, 0x00, 0x00, 0x00, 0x00, 0x00, 0x00, 0x00, 0x00, 0x00, 0x00, 0x00,
        0x00, 0x00, 0x00, 0x00, 0x00, 0x00, 0x00, 0x00, 0x00, 0x00, 0x00, 0x00,
        0x00, 0x00, 0x00, 0x00, 0x00, 0x00, 0x00, 0x00, 0x00, 0x00, 0x00, 0x00,
        0x00, 0x00, 0x00, 0x00, 0x00, 0x00, 0x00, 0x00, 0x00, 0x00, 0x00, 0x00,
        0x00, 0x00, 0x00, 0x00, 0x00, 0x00, 0x00, 0x00, 0x00, 0x00, 0x00, 0x00,
        0x00, 0x00, 0x00, 0x00, 0x00, 0x00, 0x00, 0x00, 0x00, 0x00, 0x00, 0x00,
        0x00, 0x00, 0x00, 0x00, 0x00, 0x00, 0x00, 0x00, 0x00, 0x00, 0x00, 0x00,
        0x00, 0x00, 0x00, 0x00, 0x00, 0x00, 0x00, 0x00, 0x00, 0x00, 0x00, 0x00,
        0x00, 0x00, 0x00, 0x00, 0x00, 0x00, 0x00, 0x00, 0x00, 0x00, 0x00, 0x00,
        0x00, 0x00, 0x00, 0x00, 0x00, 0x00, 0x00, 0x00, 0x00, 0x00, 0x00, 0x00,
        0x00, 0x00, 0x00, 0x00, 0x00, 0x00, 0x00, 0x00, 0x00, 0x00, 0x00, 0x00,
        0x00, 0x00, 0x00, 0x00, 0x00, 0x00, 0x00, 0x00, 0x00, 0x00, 0x00, 0x00,
        0x00, 0x00, 0x00, 0x00, 0x00, 0x00, 0x00, 0x00, 0x00, 0x00, 0x00, 0x00,
        0x00, 0x00, 0x00, 0x00, 0x00, 0x00, 0x00, 0x00, 0x00, 0x00, 0x00, 0x00,
        0x00, 0x00, 0x00, 0x00, 0x00, 0x00, 0x00, 0x00, 0x00, 0x00, 0x00, 0x00
    },
    {
        0x00, 0x00, 0x00, 0x00, 0x00, 0x00, 0x00, 0x00, 0x00, 0x00, 0x00, 0x00,
        0x00, 0x00, 0x00, 0x00, 0x00, 0x00, 0x00, 0x00, 0x00, 0x00, 0x00, 0x00,
        0x00, 0x00, 0x00, 0x00, 0x00, 0x00, 0x00, 0x00, 0x00, 0x00, 0x00, 0x00,
        0x00, 0x00, 0x00, 0x00, 0x00, 0x00, 0x00, 0x00, 0x00, 0x00, 0x00, 0x00,
        0x00, 0x00, 0x00, 0x00, 0x00, 0x00, 0x00, 0x00, 0x00, 0x00, 0x00, 0x00,
        0x00, 0x00, 0x00, 0x00, 0x00, 0x00, 0x00, 0x00, 0x00, 0x00, 0x00, 0x00,
        0x00, 0x00, 0x00, 0x00, 0x00, 0x00, 0x00, 0x00, 0x00, 0x00, 0x00, 0x00,
        0x00, 0x00, 0x00, 0x00, 0x00, 0x00, 0x00, 0x00, 0x00, 0x00, 0x00, 0x00,
        0x00, 0x00, 0x00, 0x00, 0x00, 0x00, 0x00, 0x00, 0x00, 0x00, 0x00, 0x00,
        0x00, 0x00, 0x00, 0x00, 0x00, 0x00, 0x00, 0x00, 0x00, 0x00, 0x00, 0x00,
        0x00, 0x09, 0x52, 0xA4, 0xD4, 0xF2, 0xF4, 0xD7, 0x90, 0x1C, 0x00, 0x00,
        0x00, 0x7C, 0xFF, 0xFF, 0xFF, 0xFF, 0xFF, 0xFF, 0xFF, 0xF2, 0x3A, 0x00,
        0x00, 0x72, 0xAC, 0x57, 0x20, 0x07, 0x10, 0x3A, 0xBE, 0xFF, 0xE2, 0x04,
        0x00, 0x00, 0x00, 0x00, 0x00, 0x00, 0x00, 0x00, 0x0E, 0xF3, 0xFF, 0x39,
        0x00, 0x00, 0x00, 0x00, 0x00, 0x00, 0x00, 0x00, 0x00, 0xCA, 0xFF, 0x59,
        0x00, 0x00, 0x34, 0x9D, 0xD8, 0xF4, 0xFF, 0xFF, 0xFF, 0xFF, 0xFF, 0x64,
        0x00, 0x6D, 0xFE, 0xFF, 0xFF, 0xFF, 0xFF, 0xFF, 0xFF, 0xFF, 0xFF, 0x68,
        0x1E, 0xFB, 0xFF, 0xB1, 0x3F, 0x15, 0x02, 0x00, 0x00, 0xC8, 0xFF, 0x68,
        0x5F, 0xFF, 0xDE, 0x02, 0x00, 0x00, 0x00, 0x00, 0x01, 0xF1, 0xFF, 0x68,
        0x67, 0xFF, 0xD1, 0x00, 0x00, 0x00, 0x00, 0x00, 0x6B, 0xFF, 0xFF, 0x68,
        0x33, 0xFF, 0xFF, 0x8A, 0x1D, 0x08, 0x29, 0x86, 0xF9, 0xF2, 0xFF, 0x68,
        0x00, 0xA3, 0xFF, 0xFF, 0xFF, 0xFF, 0xFF, 0xFF, 0x93, 0xC0, 0xFF, 0x68,
        0x00, 0x03, 0x6F, 0xD1, 0xF8, 0xF2, 0xC7, 0x5F, 0x00, 0xC0, 0xFF, 0x68,
        0x00, 0x00, 0x00, 0x00, 0x00, 0x00, 0x00, 0x00, 0x00, 0x00, 0x00, 0x00
    },
    {
        0x00, 0x00, 0x00, 0x00, 0x00, 0x00, 0x00, 0x00, 0x00, 0x00, 0x00, 0x00,
        0x00, 0x00, 0x00, 0x00, 0x00, 0x00, 0x00, 0x00, 0x00, 0x00, 0x00, 0x00,
        0x00, 0x00, 0x00, 0x00, 0x00, 0x00, 0x00, 0x00, 0x00, 0x00, 0x00, 0x00,
        0x00, 0x00, 0x00, 0x00, 0x00, 0x00, 0x00, 0x00, 0x00, 0x00, 0x00, 0x00,
        0x00, 0x00, 0x00, 0x00, 0x00, 0x00, 0x00, 0x00, 0x00, 0x00, 0x00, 0x00,
        0x00, 0xBC, 0xFF, 0x6C, 0x00, 0x00, 0x00, 0x00, 0x00, 0x00, 0x00, 0x00,
        0x00, 0xBC, 0xFF, 0x6C, 0x00, 0x00, 0x00, 0x00, 0x00, 0x00, 0x00, 0x00,
        0x00, 0xBC, 0xFF, 0x6C, 0x00, 0x00, 0x00, 0x00, 0x00, 0x00, 0x00, 0x00,
        0x00, 0xBC, 0xFF, 0x6C, 0x00, 0x00, 0x00, 0x00, 0x00, 0x00, 0x00, 0x00,
        0x00, 0xBC, 0xFF, 0x6C, 0x00, 0x00, 0x00, 0x00, 0x00, 0x00, 0x00, 0x00,
        0x00, 0xBC, 0xFF, 0x6C, 0x30, 0xB6, 0xF1, 0xF1, 0xC0, 0x4C, 0x00, 0x00,
        0x00, 0xBC, 0xFF, 0x98, 0xF5, 0xFF, 0xFF, 0xFF, 0xFF, 0xFF, 0x70, 0x00,
        0x00, 0xBC, 0xFF, 0xFE, 0xCC, 0x35, 0x07, 0x24, 0xAB, 0xFF, 0xFB, 0x2A,
        0x00, 0xBC, 0xFF, 0xF3, 0x17, 0x00, 0x00, 0x00, 0x03, 0xD4, 0xFF, 0x95,
        0x00, 0xBC, 0xFF, 0xA8, 0x00, 0x00, 0x00, 0x00, 0x00, 0x77, 0xFF, 0xD6,
        0x00, 0xBC, 0xFF, 0x7B, 0x00, 0x00, 0x00, 0x00, 0x00, 0x4B, 0xFF, 0xF9,
        0x00, 0xBC, 0xFF, 0x6F, 0x00, 0x00, 0x00, 0x00, 0x00, 0x3F, 0xFF, 0xFF,
        0x00, 0xBC, 0xFF, 0x7B, 0x00, 0x00, 0x00, 0x00, 0x00, 0x4B, 0xFF, 0xF7,
        0x00, 0xBC, 0xFF, 0xA8, 0x00, 0x00, 0x00, 0x00, 0x00, 0x76, 0xFF, 0xD2,
        0x00, 0xBC, 0xFF, 0xF3, 0x17, 0x00, 0x00, 0x00, 0x03, 0xD2, 0xFF, 0x90,
        0x00, 0xBC, 0xFF, 0xFE, 0xCB, 0x34, 0x06, 0x22, 0xA8, 0xFF, 0xF9, 0x26,
        0x00, 0xBC, 0xFF, 0x98, 0xF6, 0xFF, 0xFF, 0xFF, 0xFF, 0xFF, 0x6A, 0x00,
        0x00, 0xBC, 0xFF, 0x6C, 0x32, 0xB9, 0xF2, 0xF3, 0xBE, 0x48, 0x00, 0x00,
        0x00, 0x00, 0x00, 0x00, 0x00, 0x00, 0x00, 0x00, 0x00, 0x00, 0x00, 0x00
    },
    {
        0x00, 0x00, 0x00, 0x00, 0x00, 0x00, 0x00, 0x00, 0x00, 0x00, 0x00, 0x00,
        0x00, 0x00, 0x00, 0x00, 0x00, 0x00, 0x00, 0x00, 0x00, 0x00, 0x00, 0x00,
        0x00, 0x00, 0x00, 0x00, 0x00, 0x00, 0x00, 0x00, 0x00, 0x00, 0x00, 0x00,
        0x00, 0x00, 0x00, 0x00, 0x00, 0x00, 0x00, 0x00, 0x00, 0x00, 0x00, 0x00,
        0x00, 0x00, 0x00, 0x00, 0x00, 0x00, 0x00, 0x00, 0x00, 0x00, 0x00, 0x00,
        0x00, 0x00, 0x00, 0x00, 0x00, 0x00, 0x00, 0x00, 0x00, 0x00, 0x00, 0x00,
        0x00, 0x00, 0x00, 0x00, 0x00, 0x00, 0x00, 0x00, 0x00, 0x00, 0x00, 0x00,
        0x00, 0x00, 0x00, 0x00, 0x00, 0x00, 0x00, 0x00, 0x00, 0x00, 0x00, 0x00,
        0x00, 0x00, 0x00, 0x00, 0x00, 0x00, 0x00, 0x00, 0x00, 0x00, 0x00, 0x00,
        0x00, 0x00, 0x00, 0x00, 0x00, 0x00, 0x00, 0x00, 0x00, 0x00, 0x00, 0x00,
        0x00, 0x00, 0x00, 0x00, 0x4B, 0xAD, 0xE4, 0xF9, 0xE6, 0xBF, 0x6F, 0x0B,
        0x00, 0x00, 0x07, 0xAA, 0xFF, 0xFF, 0xFF, 0xFF, 0xFF, 0xFF, 0xFF, 0x70,
        0x00, 0x00, 0x98, 0xFF, 0xFD, 0x8C, 0x29, 0x07, 0x17, 0x37, 0x87, 0x63,
        0x00, 0x27, 0xFD, 0xFF, 0x6C, 0x00, 0x00, 0x00, 0x00, 0x00, 0x00, 0x00,
        0x00, 0x78, 0xFF, 0xE1, 0x02, 0x00, 0x00, 0x00, 0x00, 0x00, 0x00, 0x00,
        0x00, 0xA5, 0xFF, 0xA5, 0x00, 0x00, 0x00, 0x00, 0x00, 0x00, 0x00, 0x00,
        0x00, 0xB3, 0xFF, 0x94, 0x00, 0x00, 0x00, 0x00, 0x00, 0x00, 0x00, 0x00,
        0x00, 0xA5, 0xFF, 0xA5, 0x00, 0x00, 0x00, 0x00, 0x00, 0x00, 0x00, 0x00,
        0x00, 0x79, 0xFF, 0xE1, 0x02, 0x00, 0x00, 0x00, 0x00, 0x00, 0x00, 0x00,
        0x00, 0x28, 0xFE, 0xFF, 0x6C, 0x00, 0x00, 0x00, 0x00, 0x00, 0x00, 0x00,
        0x00, 0x00, 0x9A, 0xFF, 0xFD, 0x8B, 0x27, 0x06, 0x15, 0x34, 0x82, 0x62,
        0x00, 0x00, 0x08, 0xAD, 0xFF, 0xFF, 0xFF, 0xFF, 0xFF, 0xFF, 0xFF, 0x70,
        0x00, 0x00, 0x00, 0x00, 0x4E, 0xAF, 0xE5, 0xF9, 0xE7, 0xC0, 0x64, 0x0A,
        0x00, 0x00, 0x00, 0x00, 0x00, 0x00, 0x00, 0x00, 0x00, 0x00, 0x00, 0x00
    },
    {
        0x00, 0x00, 0x00, 0x00, 0x00, 0x00, 0x00, 0x00, 0x00, 0x00, 0x00, 0x00,
        0x00, 0x00, 0x00, 0x00, 0x00, 0x00, 0x00, 0x00, 0x00, 0x00, 0x00, 0x00,
        0x00, 0x00, 0x00, 0x00, 0x00, 0x00, 0x00, 0x00, 0x00, 0x00, 0x00, 0x00,
        0x00, 0x00, 0x00, 0x00, 0x00, 0x00, 0x00, 0x00, 0x00, 0x00, 0x00, 0x00,
        0x00, 0x00, 0x00, 0x00, 0x00, 0x00, 0x00, 0x00, 0x00, 0x00, 0x00, 0x00,
        0x00, 0x00, 0x00, 0x00, 0x00, 0x00, 0x00, 0x00, 0x00, 0xF0, 0xFF, 0x38,
        0x00, 0x00, 0x00, 0x00, 0x00, 0x00, 0x00, 0x00, 0x00, 0xF0, 0xFF, 0x38,
        0x00, 0x00, 0x00, 0x00, 0x00, 0x00, 0x00, 0x00, 0x00, 0xF0, 0xFF, 0x38,
        0x00, 0x00, 0x00, 0x00, 0x00, 0x00, 0x00, 0x00, 0x00, 0xF0, 0xFF, 0x38,
        0x00, 0x00, 0x00, 0x00, 0x00, 0x00, 0x00, 0x00, 0x00, 0xF0, 0xFF, 0x38,
        0x00, 0x00, 0x12, 0x90, 0xE0, 0xF8, 0xDD, 0x7B, 0x03, 0xF0, 0xFF, 0x38,
        0x00, 0x18, 0xDC, 0xFF, 0xFF, 0xFF, 0xFF, 0xFF, 0x9F, 0xF0, 0xFF, 0x38,
        0x00, 0xAC, 0xFF, 0xED, 0x54, 0x0A, 0x14, 0x78, 0xFD, 0xFE, 0xFF, 0x38,
        0x1E, 0xFD, 0xFF, 0x53, 0x00, 0x00, 0x00, 0x00, 0x8F, 0xFF, 0xFF, 0x38,
        0x5F, 0xFF, 0xEF, 0x03, 0x00, 0x00, 0x00, 0x00, 0x2C, 0xFF, 0xFF, 0x38,
        0x81, 0xFF, 0xC6, 0x00, 0x00, 0x00, 0x00, 0x00, 0x03, 0xFC, 0xFF, 0x38,
        0x8C, 0xFF, 0xBA, 0x00, 0x00, 0x00, 0x00, 0x00, 0x00, 0xF3, 0xFF, 0x38,
        0x81, 0xFF, 0xC6, 0x00, 0x00, 0x00, 0x00, 0x00, 0x03, 0xFC, 0xFF, 0x38,
        0x5C, 0xFF, 0xEE, 0x03, 0x00, 0x00, 0x00, 0x00, 0x2C, 0xFF, 0xFF, 0x38,
        0x1C, 0xFD, 0xFF, 0x51, 0x00, 0x00, 0x00, 0x00, 0x8F, 0xFF, 0xFF, 0x38,
        0x00, 0xAB, 0xFF, 0xEC, 0x52, 0x0A, 0x13, 0x77, 0xFD, 0xFE, 0xFF, 0x38,
        0x00, 0x18, 0xDC, 0xFF, 0xFF, 0xFF, 0xFF, 0xFF, 0x9C, 0xF0, 0xFF, 0x38,
        0x00, 0x00, 0x13, 0x91, 0xE1, 0xF9, 0xDD, 0x7A, 0x02, 0xF0, 0xFF, 0x38,
        0x00, 0x00, 0x00, 0x00, 0x00, 0x00, 0x00, 0x00, 0x00, 0x00, 0x00, 0x00
    },
    {
        0x00, 0x00, 0x00, 0x00, 0x00, 0x00, 0x00, 0x00, 0x00, 0x00, 0x00, 0x00,
        0x00, 0x00, 0x00, 0x00, 0x00, 0x00, 0x00, 0x00, 0x00, 0x00, 0x00, 0x00,
        0x00, 0x00, 0x00, 0x00, 0x00, 0x00, 0x00, 0x00, 0x00, 0x00, 0x00, 0x00,
        0x00, 0x00, 0x00, 0x00, 0x00, 0x00, 0x00, 0x00, 0x00, 0x00, 0x00, 0x00,
        0x00, 0x00, 0x00, 0x00, 0x00, 0x00, 0x00, 0x00, 0x00, 0x00, 0x00, 0x00,
        0x00, 0x00, 0x00, 0x00, 0x00, 0x00, 0x00, 0x00, 0x00, 0x00, 0x00, 0x00,
        0x00, 0x00, 0x00, 0x00, 0x00, 0x00, 0x00, 0x00, 0x00, 0x00, 0x00, 0x00,
        0x00, 0x00, 0x00, 0x00, 0x00, 0x00, 0x00, 0x00, 0x00, 0x00, 0x00, 0x00,
        0x00, 0x00, 0x00, 0x00, 0x00, 0x00, 0x00, 0x00, 0x00, 0x00, 0x00, 0x00,
        0x00, 0x00, 0x00, 0x00, 0x00, 0x00, 0x00, 0x00, 0x00, 0x00, 0x00, 0x00,
        0x00, 0x00, 0x00, 0x3E, 0xAA, 0xE5, 0xFA, 0xEC, 0xB5, 0x46, 0x00, 0x00,
        0x00, 0x00, 0x8B, 0xFF, 0xFF, 0xFF, 0xFF, 0xFF, 0xFF, 0xFF, 0x7B, 0x00,
        0x00, 0x6E, 0xFF, 0xF9, 0x85, 0x26, 0x09, 0x22, 0x81, 0xFC, 0xFE, 0x3E,
        0x0C, 0xEE, 0xFF, 0x65, 0x00, 0x00, 0x00, 0x00, 0x00, 0x8A, 0xFF, 0xAF,
        0x4F, 0xFF, 0xEC, 0x03, 0x00, 0x00, 0x00, 0x00, 0x00, 0x39, 0xFF, 0xEA,
        0x7C, 0xFF, 0xFF, 0xFC, 0xFC, 0xFD, 0xFD, 0xFE, 0xFE, 0xFF, 0xFF, 0xFE,
        0x8B, 0xFF, 0xFF, 0xFF, 0xFF, 0xFF, 0xFF, 0xFF, 0xFF, 0xFF, 0xFF, 0xFF,
        0x7D, 0xFF, 0xB8, 0x00, 0x00, 0x00, 0x00, 0x00, 0x00, 0x00, 0x00, 0x00,
        0x51, 0xFF, 0xE6, 0x02, 0x00, 0x00, 0x00, 0x00, 0x00, 0x00, 0x00, 0x00,
        0x0D, 0xF0, 0xFF, 0x6B, 0x00, 0x00, 0x00, 0x00, 0x00, 0x00, 0x00, 0x00,
        0x00, 0x72, 0xFF, 0xFD, 0x90, 0x2D, 0x07, 0x0F, 0x2D, 0x5D, 0xAD, 0x7C,
        0x00, 0x00, 0x8C, 0xFF, 0xFF, 0xFF, 0xFF, 0xFF, 0xFF, 0xFF, 0xFF, 0x88,
        0x00, 0x00, 0x00, 0x39, 0xA2, 0xDF, 0xF7, 0xF0, 0xD3, 0xA3, 0x53, 0x0B,
        0x00, 0x00, 0x00, 0x00, 0x00, 0x00, 0x00, 0x00, 0x00, 0x00, 0x00, 0x00
    },
    {
        0x00, 0x00, 0x00, 0x00, 0x00, 0x00, 0x00, 0x00, 0x00, 0x00, 0x00, 0x00,
        0x00, 0x00, 0x00, 0x00, 0x00, 0x00, 0x00, 0x00, 0x00, 0x00, 0x00, 0x00,
        0x00, 0x00, 0x00, 0x00, 0x00, 0x00, 0x00, 0x00, 0x00, 0x00, 0x00, 0x00,
        0x00, 0x00, 0x00, 0x00, 0x00, 0x00, 0x00, 0x00, 0x00, 0x00, 0x00, 0x00,
        0x00, 0x00, 0x00, 0x00, 0x00, 0x00, 0x00, 0x00, 0x00, 0x00, 0x00, 0x00,
        0x00, 0x00, 0x00, 0x00, 0x00, 0x03, 0x79, 0xD8, 0xF9, 0xFF, 0xFF, 0x74,
        0x00, 0x00, 0x00, 0x00, 0x00, 0x8E, 0xFF, 0xFF, 0xFF, 0xFF, 0xFF, 0x74,
        0x00, 0x00, 0x00, 0x00, 0x06, 0xF6, 0xFF, 0x7B, 0x0F, 0x00, 0x00, 0x00,
        0x00, 0x00, 0x00, 0x00, 0x29, 0xFF, 0xFD, 0x05, 0x00, 0x00, 0x00, 0x00,
        0x00, 0x00, 0x00, 0x00, 0x33, 0xFF, 0xF4, 0x00, 0x00, 0x00, 0x00, 0x00,
        0x00, 0xB8, 0xFF, 0xFF, 0xFF, 0xFF, 0xFF, 0xFF, 0xFF, 0xFF, 0xFF, 0x74,
        0x00, 0xB8, 0xFF, 0xFF, 0xFF, 0xFF, 0xFF, 0xFF, 0xFF, 0xFF, 0xFF, 0x74,
        0x00, 0x00, 0x00, 0x00, 0x34, 0xFF, 0xF4, 0x00, 0x00, 0x00, 0x00, 0x00,
        0x00, 0x00, 0x00, 0x00, 0x34, 0xFF, 0xF4, 0x00, 0x00, 0x00, 0x00, 0x00,
        0x00, 0x00, 0x00, 0x00, 0x34, 0xFF, 0xF4, 0x00, 0x00, 0x00, 0x00, 0x00,
        0x00, 0x00, 0x00, 0x00, 0x34, 0xFF, 0xF4, 0x00, 0x00, 0x00, 0x00, 0x00,
        0x00, 0x00, 0x00, 0x00, 0x34, 0xFF, 0xF4, 0x00, 0x00, 0x00, 0x00, 0x00,
        0x00, 0x00, 0x00, 0x00, 0x34, 0xFF, 0xF4, 0x00, 0x00, 0x00, 0x00, 0x00,
        0x00, 0x00, 0x00, 0x00, 0x34, 0xFF, 0xF4, 0x00, 0x00, 0x00, 0x00, 0x00,
        0x00, 0x00, 0x00, 0x00, 0x34, 0xFF, 0xF4, 0x00, 0x00, 0x00, 0x00, 0x00,
        0x00, 0x00, 0x00, 0x00, 0x34, 0xFF, 0xF4, 0x00, 0x00, 0x00, 0x00, 0x00,
        0x00, 0x00, 0x00, 0x00, 0x34, 0xFF, 0xF4, 0x00, 0x00, 0x00, 0x00, 0x00,
        0x00, 0x00, 0x00, 0x00, 0x34, 0xFF, 0xF4, 0x00, 0x00, 0x00, 0x00, 0x00,
        0x00, 0x00, 0x00, 0x00, 0x00, 0x00, 0x00, 0x00, 0x00, 0x00, 0x00, 0x00
    },
    {
        0x00, 0x00, 0x00, 0x00, 0x00, 0x00, 0x00, 0x00, 0x00, 0x00, 0x00, 0x00,
        0x00, 0x00, 0x00, 0x00, 0x00, 0x00, 0x00, 0x00, 0x00, 0x00, 0x00, 0x00,
        0x00, 0x00, 0x00, 0x00, 0x00, 0x00, 0x00, 0x00, 0x00, 0x00, 0x00, 0x00,
        0x00, 0x00, 0x00, 0x00, 0x00, 0x00, 0x00, 0x00, 0x00, 0x00, 0x00, 0x00,
        0x00, 0x00, 0x00, 0x00, 0x00, 0x00, 0x00, 0x00, 0x00, 0x00, 0x00, 0x00,
        0x00, 0x00, 0x00, 0x00, 0x00, 0x00, 0x00, 0x00, 0x00, 0x00, 0x00, 0x00,
        0x00, 0x00, 0x00, 0x00, 0x00, 0x00, 0x00, 0x00, 0x00, 0x00, 0x00, 0x00,
        0x00, 0x00, 0x00, 0x00, 0x00, 0x00, 0x00, 0x00, 0x00, 0x00, 0x00, 0x00,
        0x00, 0x00, 0x00, 0x00, 0x00, 0x00, 0x00, 0x00, 0x00, 0x00, 0x00, 0x00,
        0x00, 0x00, 0x00, 0x00, 0x00, 0x00, 0x00, 0x00, 0x00, 0x00, 0x00, 0x00,
        0x00, 0x00, 0x10, 0x8F, 0xE1, 0xF8, 0xDC, 0x79, 0x02, 0xF0, 0xFF, 0x38,
        0x00, 0x14, 0xD7, 0xFF, 0xFF, 0xFF, 0xFF, 0xFF, 0x96, 0xF0, 0xFF, 0x38,
        0x00, 0xA3, 0xFF, 0xF1, 0x5C, 0x0D, 0x11, 0x71, 0xFB, 0xFD, 0xFF, 0x38,
        0x19, 0xFC, 0xFF, 0x59, 0x00, 0x00, 0x00, 0x00, 0x8C, 0xFF, 0xFF, 0x38,
        0x5B, 0xFF, 0xF0, 0x04, 0x00, 0x00, 0x00, 0x00, 0x2B, 0xFF, 0xFF, 0x38,
        0x80, 0xFF, 0xC7, 0x00, 0x00, 0x00, 0x00, 0x00, 0x03, 0xFC, 0xFF, 0x38,
        0x8C, 0xFF, 0xBB, 0x00, 0x00, 0x00, 0x00, 0x00, 0x00, 0xF3, 0xFF, 0x38,
        0x80, 0xFF, 0xC8, 0x00, 0x00, 0x00, 0x00, 0x00, 0x03, 0xFC, 0xFF, 0x38,
        0x5B, 0xFF, 0xF1, 0x05, 0x00, 0x00, 0x00, 0x00, 0x2D, 0xFF, 0xFF, 0x38,
        0x1A, 0xFC, 0xFF, 0x5C, 0x00, 0x00, 0x00, 0x00, 0x8E, 0xFF, 0xFF, 0x38,
        0x00, 0xA3, 0xFF, 0xF2, 0x5D, 0x0D, 0x10, 0x72, 0xF9, 0xFB, 0xFF, 0x38,
        0x00, 0x14, 0xD8, 0xFF, 0xFF, 0xFF, 0xFF, 0xFF, 0x8A, 0xF0, 0xFF, 0x37,
        0x00, 0x00, 0x11, 0x8F, 0xE2, 0xF8, 0xDB, 0x76, 0x01, 0xF3, 0xFF, 0x2E,
        0x00, 0x00, 0x00, 0x00, 0x00, 0x00, 0x00, 0x00, 0x0D, 0xFE, 0xFF, 0x16
    },
    {
        0x00, 0x00, 0x00, 0x00, 0x00, 0x00, 0x00, 0x00, 0x00, 0x00, 0x00, 0x00,
        0x00, 0x00, 0x00, 0x00, 0x00, 0x00, 0x00, 0x00, 0x00, 0x00, 0x00, 0x00,
        0x00, 0x00, 0x00, 0x00, 0x00, 0x00, 0x00, 0x00, 0x00, 0x00, 0x00, 0x00,
        0x00, 0x00, 0x00, 0x00, 0x00, 0x00, 0x00, 0x00, 0x00, 0x00, 0x00, 0x00,
        0x00, 0x00, 0x00, 0x00, 0x00, 0x00, 0x00, 0x00, 0x00, 0x00, 0x00, 0x00,
        0x00, 0xB8, 0xFF, 0x70, 0x00, 0x00, 0x00, 0x00, 0x00, 0x00, 0x00, 0x00,
        0x00, 0xB8, 0xFF, 0x70, 0x00, 0x00, 0x00, 0x00, 0x00, 0x00, 0x00, 0x00,
        0x00, 0xB8, 0xFF, 0x70, 0x00, 0x00, 0x00, 0x00, 0x00, 0x00, 0x00, 0x00,
        0x00, 0xB8, 0xFF, 0x70, 0x00, 0x00, 0x00, 0x00, 0x00, 0x00, 0x00, 0x00,
        0x00, 0xB8, 0xFF, 0x70, 0x00, 0x00, 0x00, 0x00, 0x00, 0x00, 0x00, 0x00,
        0x00, 0xB8, 0xFF, 0x70, 0x16, 0x9A, 0xE5, 0xF8, 0xD6, 0x66, 0x00, 0x00,
        0x00, 0xB8, 0xFF, 0x82, 0xDF, 0xFF, 0xFF, 0xFF, 0xFF, 0xFF, 0x67, 0x00,
        0x00, 0xB8, 0xFF, 0xF3, 0xC0, 0x2F, 0x08, 0x2E, 0xC7, 0xFF, 0xE5, 0x02,
        0x00, 0xB8, 0xFF, 0xF1, 0x11, 0x00, 0x00, 0x00, 0x26, 0xFF, 0xFF, 0x28,
        0x00, 0xB8, 0xFF, 0x9E, 0x00, 0x00, 0x00, 0x00, 0x00, 0xED, 0xFF, 0x45,
        0x00, 0xB8, 0xFF, 0x7D, 0x00, 0x00, 0x00, 0x00, 0x00, 0xD9, 0xFF, 0x4F,
        0x00, 0xB8, 0xFF, 0x70, 0x00, 0x00, 0x00, 0x00, 0x00, 0xD8, 0xFF, 0x50,
        0x00, 0xB8, 0xFF, 0x70, 0x00, 0x00, 0x00, 0x00, 0x00, 0xD8, 0xFF, 0x50,
        0x00, 0xB8, 0xFF, 0x70, 0x00, 0x00, 0x00, 0x00, 0x00, 0xD8, 0xFF, 0x50,
        0x00, 0xB8, 0xFF, 0x70, 0x00, 0x00, 0x00, 0x00, 0x00, 0xD8, 0xFF, 0x50,
        0x00, 0xB8, 0xFF, 0x70, 0x00, 0x00, 0x00, 0x00, 0x00, 0xD8, 0xFF, 0x50,
        0x00, 0xB8, 0xFF, 0x70, 0x00, 0x00, 0x00, 0x00, 0x00, 0xD8, 0xFF, 0x50,
        0x00, 0xB8, 0xFF, 0x70, 0x00, 0x00, 0x00, 0x00, 0x00, 0xD8, 0xFF, 0x50,
        0x00, 0x00, 0x00, 0x00, 0x00, 0x00, 0x00, 0x00, 0x00, 0x00, 0x00, 0x00
    },
    {
        0x00, 0x00, 0x00, 0x00, 0x00, 0x00, 0x00, 0x00, 0x00, 0x00, 0x00, 0x00,
        0x00, 0x00, 0x00, 0x00, 0x00, 0x00, 0x00, 0x00, 0x00, 0x00, 0x00, 0x00,
        0x00, 0x00, 0x00, 0x00, 0x00, 0x00, 0x00, 0x00, 0x00, 0x00, 0x00, 0x00,
        0x00, 0x00, 0x00, 0x00, 0x00, 0x00, 0x00, 0x00, 0x00, 0x00, 0x00, 0x00,
        0x00, 0x00, 0x00, 0x00, 0x00, 0x00, 0x00, 0x00, 0x00, 0x00, 0x00, 0x00,
        0x00, 0x00, 0x00, 0x00, 0x00, 0xA4, 0xFF, 0x84, 0x00, 0x00, 0x00, 0x00,
        0x00, 0x00, 0x00, 0x00, 0x00, 0xA4, 0xFF, 0x84, 0x00, 0x00, 0x00, 0x00,
        0x00, 0x00, 0x00, 0x00, 0x00, 0xA4, 0xFF, 0x84, 0x00, 0x00, 0x00, 0x00,
        0x00, 0x00, 0x00, 0x00, 0x00, 0x00, 0x00, 0x00, 0x00, 0x00, 0x00, 0x00,
        0x00, 0x00, 0x00, 0x00, 0x00, 0x00, 0x00, 0x00, 0x00, 0x00, 0x00, 0x00,
        0x00, 0x00, 0xFF, 0xFF, 0xFF, 0xFF, 0xFF, 0x84, 0x00, 0x00, 0x00, 0x00,
        0x00, 0x00, 0xFF, 0xFF, 0xFF, 0xFF, 0xFF, 0x84, 0x00, 0x00, 0x00, 0x00,
        0x00, 0x00, 0x00, 0x00, 0x00, 0xA4, 0xFF, 0x84, 0x00, 0x00, 0x00, 0x00,
        0x00, 0x00, 0x00, 0x00, 0x00, 0xA4, 0xFF, 0x84, 0x00, 0x00, 0x00, 0x00,
        0x00, 0x00, 0x00, 0x00, 0x00, 0xA4, 0xFF, 0x84, 0x00, 0x00, 0x00, 0x00,
        0x00, 0x00, 0x00, 0x00, 0x00, 0xA4, 0xFF, 0x84, 0x00, 0x00, 0x00, 0x00,
        0x00, 0x00, 0x00, 0x00, 0x00, 0xA4, 0xFF, 0x84, 0x00, 0x00, 0x00, 0x00,
        0x00, 0x00, 0x00, 0x00, 0x00, 0xA4, 0xFF, 0x84, 0x00, 0x00, 0x00, 0x00,
        0x00, 0x00, 0x00, 0x00, 0x00, 0xA4, 0xFF, 0x84, 0x00, 0x00, 0x00, 0x00,
        0x00, 0x00, 0x00, 0x00, 0x00, 0xA4, 0xFF, 0x84, 0x00, 0x00, 0x00, 0x00,
        0x00, 0x00, 0x00, 0x00, 0x00, 0xA4, 0xFF, 0x84, 0x00, 0x00, 0x00, 0x00,
        0x00, 0xE8, 0xFF, 0xFF, 0xFF, 0xFF, 0xFF, 0xFF, 0xFF, 0xFF, 0xFF, 0xCC,
        0x00, 0xE8, 0xFF, 0xFF, 0xFF, 0xFF, 0xFF, 0xFF, 0xFF, 0xFF, 0xFF, 0xCC,
        0x00, 0x00, 0x00, 0x00, 0x00, 0x00, 0x00, 0x00, 0x00, 0x00, 0x00, 0x00
    },
    {
        0x00, 0x00, 0x00, 0x00, 0x00, 0x00, 0x00, 0x00, 0x00, 0x00, 0x00, 0x00,
        0x00, 0x00, 0x00, 0x00, 0x00, 0x00, 0x00, 0x00, 0x00, 0x00, 0x00, 0x00,
        0x00, 0x00, 0x00, 0x00, 0x00, 0x00, 0x00, 0x00, 0x00, 0x00, 0x00, 0x00,
        0x00, 0x00, 0x00, 0x00, 0x00, 0x00, 0x00, 0x00, 0x00, 0x00, 0x00, 0x00,
        0x00, 0x00, 0x00, 0x00, 0x00, 0x00, 0x00, 0x00, 0x00, 0x00, 0x00, 0x00,
        0x00, 0x00, 0x00, 0x00, 0x00, 0x00, 0xF8, 0xFF, 0x30, 0x00, 0x00, 0x00,
        0x00, 0x00, 0x00, 0x00, 0x00, 0x00, 0xF8, 0xFF, 0x30, 0x00, 0x00, 0x00,
        0x00, 0x00, 0x00, 0x00, 0x00, 0x00, 0xF8, 0xFF, 0x30, 0x00, 0x00, 0x00,
        0x00, 0x00, 0x00, 0x00, 0x00, 0x00, 0x00, 0x00, 0x00, 0x00, 0x00, 0x00,
        0x00, 0x00, 0x00, 0x00, 0x00, 0x00, 0x00, 0x00, 0x00, 0x00, 0x00, 0x00,
        0x00, 0x00, 0xB0, 0xFF, 0xFF, 0xFF, 0xFF, 0xFF, 0x30, 0x00, 0x00, 0x00,
        0x00, 0x00, 0xB0, 0xFF, 0xFF, 0xFF, 0xFF, 0xFF, 0x30, 0x00, 0x00, 0x00,
        0x00, 0x00, 0x00, 0x00, 0x00, 0x00, 0xF8, 0xFF, 0x30, 0x00, 0x00, 0x00,
        0x00, 0x00, 0x00, 0x00, 0x00, 0x00, 0xF8, 0xFF, 0x30, 0x00, 0x00, 0x00,
        0x00, 0x00, 0x00, 0x00, 0x00, 0x00, 0xF8, 0xFF, 0x30, 0x00, 0x00, 0x00,
        0x00, 0x00, 0x00, 0x00, 0x00, 0x00, 0xF8, 0xFF, 0x30, 0x00, 0x00, 0x00,
        0x00, 0x00, 0x00, 0x00, 0x00, 0x00, 0xF8, 0xFF, 0x30, 0x00, 0x00, 0x00,
        0x00, 0x00, 0x00, 0x00, 0x00, 0x00, 0xF8, 0xFF, 0x30, 0x00, 0x00, 0x00,
        0x00, 0x00, 0x00, 0x00, 0x00, 0x00, 0xF8, 0xFF, 0x30, 0x00, 0x00, 0x00,
        0x00, 0x00, 0x00, 0x00, 0x00, 0x00, 0xF8, 0xFF, 0x30, 0x00, 0x00, 0x00,
        0x00, 0x00, 0x00, 0x00, 0x00, 0x00, 0xF8, 0xFF, 0x30, 0x00, 0x00, 0x00,
        0x00, 0x00, 0x00, 0x00, 0x00, 0x00, 0xF8, 0xFF, 0x30, 0x00, 0x00, 0x00,
        0x00, 0x00, 0x00, 0x00, 0x00, 0x00, 0xF8, 0xFF, 0x30, 0x00, 0x00, 0x00,
        0x00, 0x00, 0x00, 0x00, 0x00, 0x03, 0xFD, 0xFF, 0x2A, 0x00, 0x00, 0x00
    },
    {
        0x00, 0x00, 0x00, 0x00, 0x00, 0x00, 0x00, 0x00, 0x00, 0x00, 0x00, 0x00,
        0x00, 0x00, 0x00, 0x00, 0x00, 0x00, 0x00, 0x00, 0x00, 0x00, 0x00, 0x00,
        0x00, 0x00, 0x00, 0x00, 0x00, 0x00, 0x00, 0x00, 0x00, 0x00, 0x00, 0x00,
        0x00, 0x00, 0x00, 0x00, 0x00, 0x00, 0x00, 0x00, 0x00, 0x00, 0x00, 0x00,
        0x00, 0x00, 0x00, 0x00, 0x00, 0x00, 0x00, 0x00, 0x00, 0x00, 0x00, 0x00,
        0x00, 0x3C, 0xFF, 0xFF, 0x00, 0x00, 0x00, 0x00, 0x00, 0x00, 0x00, 0x00,
        0x00, 0x3C, 0xFF, 0xFF, 0x00, 0x00, 0x00, 0x00, 0x00, 0x00, 0x00, 0x00,
        0x00, 0x3C, 0xFF, 0xFF, 0x00, 0x00, 0x00, 0x00, 0x00, 0x00, 0x00, 0x00,
        0x00, 0x3C, 0xFF, 0xFF, 0x00, 0x00, 0x00, 0x00, 0x00, 0x00, 0x00, 0x00,
        0x00, 0x3C, 0xFF, 0xFF, 0x00, 0x00, 0x00, 0x00, 0x00, 0x00, 0x00, 0x00,
        0x00, 0x3C, 0xFF, 0xFF, 0x00, 0x00, 0x00, 0x00, 0x12, 0xCB, 0xFF, 0xB7,
        0x00, 0x3C, 0xFF, 0xFF, 0x00, 0x00, 0x00, 0x17, 0xD2, 0xFF, 0xAB, 0x06,
        0x00, 0x3C, 0xFF, 0xFF, 0x00, 0x00, 0x1D, 0xDA, 0xFF, 0x9F, 0x03, 0x00,
        0x00, 0x3C, 0xFF, 0xFF, 0x00, 0x23, 0xE0, 0xFF, 0x93, 0x01, 0x00, 0x00,
        0x00, 0x3C, 0xFF, 0xFF, 0x2A, 0xE6, 0xFF, 0x88, 0x00, 0x00, 0x00, 0x00,
        0x00, 0x3C, 0xFF, 0xFF, 0xEB, 0xFF, 0xFF, 0x8E, 0x00, 0x00, 0x00, 0x00,
        0x00, 0x3C, 0xFF, 0xFF, 0xFD, 0x94, 0xFE, 0xFF, 0x4C, 0x00, 0x00, 0x00,
        0x00, 0x3C, 0xFF, 0xFF, 0x56, 0x00, 0x89, 0xFF, 0xEC, 0x1C, 0x00, 0x00,
        0x00, 0x3C, 0xFF, 0xFF, 0x00, 0x00, 0x05, 0xCA, 0xFF, 0xC2, 0x03, 0x00,
        0x00, 0x3C, 0xFF, 0xFF, 0x00, 0x00, 0x00, 0x23, 0xF2, 0xFF, 0x82, 0x00,
        0x00, 0x3C, 0xFF, 0xFF, 0x00, 0x00, 0x00, 0x00, 0x5C, 0xFF, 0xFD, 0x42,
        0x00, 0x3C, 0xFF, 0xFF, 0x00, 0x00, 0x00, 0x00, 0x00, 0xA3, 0xFF, 0xE6,
        0x00, 0x3C, 0xFF, 0xFF, 0x00, 0x00, 0x00, 0x00, 0x00, 0x0D, 0xDB, 0xFF,
        0x00, 0x00, 0x00, 0x00, 0x00, 0x00, 0x00, 0x00, 0x00, 0x00, 0x00, 0x00
    },
    {
        0x00, 0x00, 0x00, 0x00, 0x00, 0x00, 0x00, 0x00, 0x00, 0x00, 0x00, 0x00,
        0x00, 0x00, 0x00, 0x00, 0x00, 0x00, 0x00, 0x00, 0x00, 0x00, 0x00, 0x00,
        0x00, 0x00, 0x00, 0x00, 0x00, 0x00, 0x00, 0x00, 0x00, 0x00, 0x00, 0x00,
        0x00, 0x00, 0x00, 0x00, 0x00, 0x00, 0x00, 0x00, 0x00, 0x00, 0x00, 0x00,
        0x00, 0x00, 0x00, 0x00, 0x00, 0x00, 0x00, 0x00, 0x00, 0x00, 0x00, 0x00,
        0x20, 0xFF, 0xFF, 0xFF, 0xFF, 0xFF, 0x7C, 0x00, 0x00, 0x00, 0x00, 0x00,
        0x20, 0xFF, 0xFF, 0xFF, 0xFF, 0xFF, 0x7C, 0x00, 0x00, 0x00, 0x00, 0x00,
        0x00, 0x00, 0x00, 0x00, 0xAC, 0xFF, 0x7C, 0x00, 0x00, 0x00, 0x00, 0x00,
        0x00, 0x00, 0x00, 0x00, 0xAC, 0xFF, 0x7C, 0x00, 0x00, 0x00, 0x00, 0x00,
        0x00, 0x00, 0x00, 0x00, 0xAC, 0xFF, 0x7C, 0x00, 0x00, 0x00, 0x00, 0x00,
        0x00, 0x00, 0x00, 0x00, 0xAC, 0xFF, 0x7C, 0x00, 0x00, 0x00, 0x00, 0x00,
        0x00, 0x00, 0x00, 0x00, 0xAC, 0xFF, 0x7C, 0x00, 0x00, 0x00, 0x00, 0x00,
        0x00, 0x00, 0x00, 0x00, 0xAC, 0xFF, 0x7C, 0x00, 0x00, 0x00, 0x00, 0x00,
        0x00, 0x00, 0x00, 0x00, 0xAC, 0xFF, 0x7C, 0x00, 0x00, 0x00, 0x00, 0x00,
        0x00, 0x00, 0x00, 0x00, 0xAC, 0xFF, 0x7C, 0x00, 0x00, 0x00, 0x00, 0x00,
        0x00, 0x00, 0x00, 0x00, 0xAC, 0xFF, 0x7C, 0x00, 0x00, 0x00, 0x00, 0x00,
        0x00, 0x00, 0x00, 0x00, 0xAC, 0xFF, 0x7C, 0x00, 0x00, 0x00, 0x00, 0x00,
        0x00, 0x00, 0x00, 0x00, 0xAC, 0xFF, 0x7C, 0x00, 0x00, 0x00, 0x00, 0x00,
        0x00, 0x00, 0x00, 0x00, 0xA7, 0xFF, 0x84, 0x00, 0x00, 0x00, 0x00, 0x00,
        0x00, 0x00, 0x00, 0x00, 0x8F, 0xFF, 0xAD, 0x00, 0x00, 0x00, 0x00, 0x00,
        0x00, 0x00, 0x00, 0x00, 0x4D, 0xFF, 0xFB, 0x57, 0x08, 0x00, 0x00, 0x00,
        0x00, 0x00, 0x00, 0x00, 0x02, 0xC4, 0xFF, 0xFF, 0xFF, 0xFF, 0xFF, 0x20,
        0x00, 0x00, 0x00, 0x00, 0x00, 0x0F, 0x95, 0xE7, 0xFE, 0xFF, 0xFF, 0x20,
        0x00, 0x00, 0x00, 0x00, 0x00, 0x00, 0x00, 0x00, 0x00, 0x00, 0x00, 0x00
    },
    {
        0x00, 0x00, 0x00, 0x00, 0x00, 0x00, 0x00, 0x00, 0x00, 0x00, 0x00, 0x00,
        0x00, 0x00, 0x00, 0x00, 0x00, 0x00, 0x00, 0x00, 0x00, 0x00, 0x00, 0x00,
        0x00, 0x00, 0x00, 0x00, 0x00, 0x00, 0x00, 0x00, 0x00, 0x00, 0x00, 0x00,
        0x00, 0x00, 0x00, 0x00, 0x00, 0x00, 0x00, 0x00, 0x00, 0x00, 0x00, 0x00,
        0x00, 0x00, 0x00, 0x00, 0x00, 0x00, 0x00, 0x00, 0x00, 0x00, 0x00, 0x00,
        0x00, 0x00, 0x00, 0x00, 0x00, 0x00, 0x00, 0x00, 0x00, 0x00, 0x00, 0x00,
        0x00, 0x00, 0x00, 0x00, 0x00, 0x00, 0x00, 0x00, 0x00, 0x00, 0x00, 0x00,
        0x00, 0x00, 0x00, 0x00, 0x00, 0x00, 0x00, 0x00, 0x00, 0x00, 0x00, 0x00,
        0x00, 0x00, 0x00, 0x00, 0x00, 0x00, 0x00, 0x00, 0x00, 0x00, 0x00, 0x00,
        0x00, 0x00, 0x00, 0x00, 0x00, 0x00, 0x00, 0x00, 0x00, 0x00, 0x00, 0x00,
        0xB8, 0xFF, 0x54, 0xBC, 0xF6, 0xC7, 0x24, 0x33, 0xCF, 0xF8, 0xC7, 0x24,
        0xB8, 0xFF, 0xE9, 0xFF, 0xFF, 0xFF, 0xC8, 0xE1, 0xFF, 0xFF, 0xFF, 0xBD,
        0xB8, 0xFF, 0xBE, 0x13, 0x43, 0xFD, 0xFF, 0xC8, 0x17, 0x38, 0xF9, 0xFD,
        0xB8, 0xFF, 0x5E, 0x00, 0x00, 0xD5, 0xFF, 0x67, 0x00, 0x00, 0xCA, 0xFF,
        0xB8, 0xFF, 0x45, 0x00, 0x00, 0xBE, 0xFF, 0x4D, 0x00, 0x00, 0xB5, 0xFF,
        0xB8, 0xFF, 0x3D, 0x00, 0x00, 0xB6, 0xFF, 0x45, 0x00, 0x00, 0xAD, 0xFF,
        0xB8, 0xFF, 0x3C, 0x00, 0x00, 0xB4, 0xFF, 0x44, 0x00, 0x00, 0xAC, 0xFF,
        0xB8, 0xFF, 0x3C, 0x00, 0x00, 0xB4, 0xFF, 0x44, 0x00, 0x00, 0xAC, 0xFF,
        0xB8, 0xFF, 0x3C, 0x00, 0x00, 0xB4, 0xFF, 0x44, 0x00, 0x00, 0xAC, 0xFF,
        0xB8, 0xFF, 0x3C, 0x00, 0x00, 0xB4, 0xFF, 0x44, 0x00, 0x00, 0xAC, 0xFF,
        0xB8, 0xFF, 0x3C, 0x00, 0x00, 0xB4, 0xFF, 0x44, 0x00, 0x00, 0xAC, 0xFF,
        0xB8, 0xFF, 0x3C, 0x00, 0x00, 0xB4, 0xFF, 0x44, 0x00, 0x00, 0xAC, 0xFF,
        0xB8, 0xFF, 0x3C, 0x00, 0x00, 0xB4, 0xFF, 0x44, 0x00, 0x00, 0xAC, 0xFF,
        0x00, 0x00, 0x00, 0x00, 0x00, 0x00, 0x00, 0x00, 0x00, 0x00, 0x00, 0x00
    },
    {
        0x00, 0x00, 0x00, 0x00, 0x00, 0x00, 0x00, 0x00, 0x00, 0x00, 0x00, 0x00,
        0x00, 0x00, 0x00, 0x00, 0x00, 0x00, 0x00, 0x00, 0x00, 0x00, 0x00, 0x00,
        0x00, 0x00, 0x00, 0x00, 0x00, 0x00, 0x00, 0x00, 0x00, 0x00, 0x00, 0x00,
        0x00, 0x00, 0x00, 0x00, 0x00, 0x00, 0x00, 0x00, 0x00, 0x00, 0x00, 0x00,
        0x00, 0x00, 0x00, 0x00, 0x00, 0x00, 0x00, 0x00, 0x00, 0x00, 0x00, 0x00,
        0x00, 0x00, 0x00, 0x00, 0x00, 0x00, 0x00, 0x00, 0x00, 0x00, 0x00, 0x00,
        0x00, 0x00, 0x00, 0x00, 0x00, 0x00, 0x00, 0x00, 0x00, 0x00, 0x00, 0x00,
        0x00, 0x00, 0x00, 0x00, 0x00, 0x00, 0x00, 0x00, 0x00, 0x00, 0x00, 0x00,
        0x00, 0x00, 0x00, 0x00, 0x00, 0x00, 0x00, 0x00, 0x00, 0x00, 0x00, 0x00,
        0x00, 0x00, 0x00, 0x00, 0x00, 0x00, 0x00, 0x00, 0x00, 0x00, 0x00, 0x00,
        0x00, 0xB8, 0xFF, 0x70, 0x16, 0x9A, 0xE5, 0xF8, 0xD6, 0x66, 0x00, 0x00,
        0x00, 0xB8, 0xFF, 0x82, 0xDF, 0xFF, 0xFF, 0xFF, 0xFF, 0xFF, 0x67, 0x00,
        0x00, 0xB8, 0xFF, 0xF3, 0xC0, 0x2F, 0x08, 0x2E, 0xC7, 0xFF, 0xE5, 0x02,
        0x00, 0xB8, 0xFF, 0xF1, 0x11, 0x00, 0x00, 0x00, 0x26, 0xFF, 0xFF, 0x28,
        0x00, 0xB8, 0xFF, 0x9E, 0x00, 0x00, 0x00, 0x00, 0x00, 0xED, 0xFF, 0x45,
        0x00, 0xB8, 0xFF, 0x7D, 0x00, 0x00, 0x00, 0x00, 0x00, 0xD9, 0xFF, 0x4F,
        0x00, 0xB8, 0xFF, 0x70, 0x00, 0x00, 0x00, 0x00, 0x00, 0xD8, 0xFF, 0x50,
        0x00, 0xB8, 0xFF, 0x70, 0x00, 0x00, 0x00, 0x00, 0x00, 0xD8, 0xFF, 0x50,
        0x00, 0xB8, 0xFF, 0x70, 0x00, 0x00, 0x00, 0x00, 0x00, 0xD8, 0xFF, 0x50,
        0x00, 0xB8, 0xFF, 0x70, 0x00, 0x00, 0x00, 0x00, 0x00, 0xD8, 0xFF, 0x50,
        0x00, 0xB8, 0xFF, 0x70, 0x00, 0x00, 0x00, 0x00, 0x00, 0xD8, 0xFF, 0x50,
        0x00, 0xB8, 0xFF, 0x70, 0x00, 0x00, 0x00, 0x00, 0x00, 0xD8, 0xFF, 0x50,
        0x00, 0xB8, 0xFF, 0x70, 0x00, 0x00, 0x00, 0x00, 0x00, 0xD8, 0xFF, 0x50,
        0x00, 0x00, 0x00, 0x00, 0x00, 0x00, 0x00, 0x00, 0x00, 0x00, 0x00, 0x00
    },
    {
        0x00, 0x00, 0x00, 0x00, 0x00, 0x00, 0x00, 0x00, 0x00, 0x00, 0x00, 0x00,
        0x00, 0x00, 0x00, 0x00, 0x00, 0x00, 0x00, 0x00, 0x00, 0x00, 0x00, 0x00,
        0x00, 0x00, 0x00, 0x00, 0x00, 0x00, 0x00, 0x00, 0x00, 0x00, 0x00, 0x00,
        0x00, 0x00, 0x00, 0x00, 0x00, 0x00, 0x00, 0x00, 0x00, 0x00, 0x00, 0x00,
        0x00, 0x00, 0x00, 0x00, 0x00, 0x00, 0x00, 0x00, 0x00, 0x00, 0x00, 0x00,
        0x00, 0x00, 0x00, 0x00, 0x00, 0x00, 0x00, 0x00, 0x00, 0x00, 0x00, 0x00,
        0x00, 0x00, 0x00, 0x00, 0x00, 0x00, 0x00, 0x00, 0x00, 0x00, 0x00, 0x00,
        0x00, 0x00, 0x00, 0x00, 0x00, 0x00, 0x00, 0x00, 0x00, 0x00, 0x00, 0x00,
        0x00, 0x00, 0x00, 0x00, 0x00, 0x00, 0x00, 0x00, 0x00, 0x00, 0x00, 0x00,
        0x00, 0x00, 0x00, 0x00, 0x00, 0x00, 0x00, 0x00, 0x00, 0x00, 0x00, 0x00,
        0x00, 0x00, 0x04, 0x68, 0xC5, 0xF0, 0xF8, 0xDE, 0x99, 0x21, 0x00, 0x00,
        0x00, 0x05, 0xB8, 0xFF, 0xFF, 0xFF, 0xFF, 0xFF, 0xFF, 0xF1, 0x3B, 0x00,
        0x00, 0x7E, 0xFF, 0xFD, 0x79, 0x17, 0x08, 0x3F, 0xD5, 0xFF, 0xE3, 0x0A,
        0x04, 0xEB, 0xFF, 0x88, 0x00, 0x00, 0x00, 0x00, 0x1E, 0xF7, 0xFF, 0x61,
        0x32, 0xFF, 0xFF, 0x21, 0x00, 0x00, 0x00, 0x00, 0x00, 0xAE, 0xFF, 0xA4,
        0x54, 0xFF, 0xF3, 0x00, 0x00, 0x00, 0x00, 0x00, 0x00, 0x80, 0xFF, 0xC7,
        0x60, 0xFF, 0xE7, 0x00, 0x00, 0x00, 0x00, 0x00, 0x00, 0x73, 0xFF, 0xD3,
        0x54, 0xFF, 0xF3, 0x00, 0x00, 0x00, 0x00, 0x00, 0x00, 0x80, 0xFF, 0xC8,
        0x32, 0xFF, 0xFF, 0x22, 0x00, 0x00, 0x00, 0x00, 0x00, 0xAF, 0xFF, 0xA5,
        0x05, 0xEC, 0xFF, 0x88, 0x00, 0x00, 0x00, 0x00, 0x1E, 0xF7, 0xFF, 0x64,
        0x00, 0x80, 0xFF, 0xFD, 0x79, 0x16, 0x07, 0x3E, 0xD4, 0xFF, 0xE7, 0x0C,
        0x00, 0x06, 0xBB, 0xFF, 0xFF, 0xFF, 0xFF, 0xFF, 0xFF, 0xF4, 0x41, 0x00,
        0x00, 0x00, 0x05, 0x6A, 0xC7, 0xF2, 0xF9, 0xE0, 0x9B, 0x24, 0x00, 0x00,
        0x00, 0x00, 0x00, 0x00, 0x00, 0x00, 0x00, 0x00, 0x00, 0x00, 0x00, 0x00
    },
    {
        0x00, 0x00, 0x00, 0x00, 0x00, 0x00, 0x00, 0x00, 0x00, 0x00, 0x00, 0x00,
        0x00, 0x00, 0x00, 0x00, 0x00, 0x00, 0x00, 0x00, 0x00, 0x00, 0x00, 0x00,
        0x00, 0x00, 0x00, 0x00, 0x00, 0x00, 0x00, 0x00, 0x00, 0x00, 0x00, 0x00,
        0x00, 0x00, 0x00, 0x00, 0x00, 0x00, 0x00, 0x00, 0x00, 0x00, 0x00, 0x00,
        0x00, 0x00, 0x00, 0x00, 0x00, 0x00, 0x00, 0x00, 0x00, 0x00, 0x00, 0x00,
        0x00, 0x00, 0x00, 0x00, 0x00, 0x00, 0x00, 0x00, 0x00, 0x00, 0x00, 0x00,
        0x00, 0x00, 0x00, 0x00, 0x00, 0x00, 0x00, 0x00, 0x00, 0x00, 0x00, 0x00,
        0x00, 0x00, 0x00, 0x00, 0x00, 0x00, 0x00, 0x00, 0x00, 0x00, 0x00, 0x00,
        0x00, 0x00, 0x00, 0x00, 0x00, 0x00, 0x00, 0x00, 0x00, 0x00, 0x00, 0x00,
        0x00, 0x00, 0x00, 0x00, 0x00, 0x00, 0x00, 0x00, 0x00, 0x00, 0x00, 0x00,
        0x00, 0xC4, 0xFF, 0x64, 0x34, 0xBB, 0xF2, 0xF0, 0xBB, 0x44, 0x00, 0x00,
        0x00, 0xC4, 0xFF, 0x95, 0xF7, 0xFF, 0xFF, 0xFF, 0xFF, 0xFE, 0x63, 0x00,
        0x00, 0xC4, 0xFF, 0xFE, 0xC7, 0x32, 0x06, 0x26, 0xB2, 0xFF, 0xF6, 0x1F,
        0x00, 0xC4, 0xFF, 0xF0, 0x13, 0x00, 0x00, 0x00, 0x06, 0xDD, 0xFF, 0x86,
        0x00, 0xC4, 0xFF, 0xA0, 0x00, 0x00, 0x00, 0x00, 0x00, 0x83, 0xFF, 0xC7,
        0x00, 0xC4, 0xFF, 0x73, 0x00, 0x00, 0x00, 0x00, 0x00, 0x57, 0xFF, 0xEB,
        0x00, 0xC4, 0xFF, 0x67, 0x00, 0x00, 0x00, 0x00, 0x00, 0x4B, 0xFF, 0xF7,
        0x00, 0xC4, 0xFF, 0x73, 0x00, 0x00, 0x00, 0x00, 0x00, 0x57, 0xFF, 0xED,
        0x00, 0xC4, 0xFF, 0xA0, 0x00, 0x00, 0x00, 0x00, 0x00, 0x82, 0xFF, 0xCA,
        0x00, 0xC4, 0xFF, 0xEF, 0x13, 0x00, 0x00, 0x00, 0x05, 0xDC, 0xFF, 0x89,
        0x00, 0xC4, 0xFF, 0xFE, 0xC7, 0x31, 0x06, 0x25, 0xAF, 0xFF, 0xF8, 0x22,
        0x00, 0xC4, 0xFF, 0x98, 0xF8, 0xFF, 0xFF, 0xFF, 0xFF, 0xFF, 0x65, 0x00,
        0x00, 0xC4, 0xFF, 0x64, 0x39, 0xBD, 0xF3, 0xF2, 0xBC, 0x45, 0x00, 0x00,
        0x00, 0xC4, 0xFF, 0x64, 0x00, 0x00, 0x00, 0x00, 0x00, 0x00, 0x00, 0x00
    },
    {
        0x00, 0x00, 0x00, 0x00, 0x00, 0x00, 0x00, 0x00, 0x00, 0x00, 0x00, 0x00,
        0x00, 0x00, 0x00, 0x00, 0x00, 0x00, 0x00, 0x00, 0x00, 0x00, 0x00, 0x00,
        0x00, 0x00, 0x00, 0x00, 0x00, 0x00, 0x00, 0x00, 0x00, 0x00, 0x00, 0x00,
        0x00, 0x00, 0x00, 0x00, 0x00, 0x00, 0x00, 0x00, 0x00, 0x00, 0x00, 0x00,
        0x00, 0x00, 0x00, 0x00, 0x00, 0x00, 0x00, 0x00, 0x00, 0x00, 0x00, 0x00,
        0x00, 0x00, 0x00, 0x00, 0x00, 0x00, 0x00, 0x00, 0x00, 0x00, 0x00, 0x00,
        0x00, 0x00, 0x00, 0x00, 0x00, 0x00, 0x00, 0x00, 0x00, 0x00, 0x00, 0x00,
        0x00, 0x00, 0x00, 0x00, 0x00, 0x00, 0x00, 0x00, 0x00, 0x00, 0x00, 0x00,
        0x00, 0x00, 0x00, 0x00, 0x00, 0x00, 0x00, 0x00, 0x00, 0x00, 0x00, 0x00,
        0x00, 0x00, 0x00, 0x00, 0x00, 0x00, 0x00, 0x00, 0x00, 0x00, 0x00, 0x00,
        0x00, 0x00, 0x08, 0x7D, 0xD7, 0xF8, 0xE4, 0x8D, 0x09, 0xCC, 0xFF, 0x5C,
        0x00, 0x07, 0xC2, 0xFF, 0xFF, 0xFF, 0xFF, 0xFF, 0xBD, 0xCE, 0xFF, 0x5C,
        0x00, 0x80, 0xFF, 0xFA, 0x69, 0x10, 0x0E, 0x61, 0xF6, 0xFE, 0xFF, 0x5C,
        0x04, 0xEA, 0xFF, 0x7C, 0x00, 0x00, 0x00, 0x00, 0x6B, 0xFF, 0xFF, 0x5C,
        0x31, 0xFF, 0xFF, 0x1D, 0x00, 0x00, 0x00, 0x00, 0x0D, 0xFB, 0xFF, 0x5C,
        0x55, 0xFF, 0xF2, 0x00, 0x00, 0x00, 0x00, 0x00, 0x00, 0xDB, 0xFF, 0x5C,
        0x60, 0xFF, 0xE6, 0x00, 0x00, 0x00, 0x00, 0x00, 0x00, 0xCF, 0xFF, 0x5C,
        0x56, 0xFF, 0xF2, 0x00, 0x00, 0x00, 0x00, 0x00, 0x00, 0xDB, 0xFF, 0x5C,
        0x34, 0xFF, 0xFF, 0x1C, 0x00, 0x00, 0x00, 0x00, 0x0C, 0xFB, 0xFF, 0x5C,
        0x05, 0xEC, 0xFF, 0x7A, 0x00, 0x00, 0x00, 0x00, 0x6B, 0xFF, 0xFF, 0x5C,
        0x00, 0x83, 0xFF, 0xF9, 0x67, 0x0F, 0x0D, 0x60, 0xF6, 0xFD, 0xFF, 0x5C,
        0x00, 0x08, 0xC4, 0xFF, 0xFF, 0xFF, 0xFF, 0xFF, 0xBA, 0xCD, 0xFF, 0x5C,
        0x00, 0x00, 0x09, 0x7E, 0xD9, 0xF9, 0xE4, 0x8B, 0x08, 0xCC, 0xFF, 0x5C,
        0x00, 0x00, 0x00, 0x00, 0x00, 0x00, 0x00, 0x00, 0x00, 0xCC, 0xFF, 0x5C
    },
    {
        0x00, 0x00, 0x00, 0x00, 0x00, 0x00, 0x00, 0x00, 0x00, 0x00, 0x00, 0x00,
        0x00, 0x00, 0x00, 0x00, 0x00, 0x00, 0x00, 0x00, 0x00, 0x00, 0x00, 0x00,
        0x00, 0x00, 0x00, 0x00, 0x00, 0x00, 0x00, 0x00, 0x00, 0x00, 0x00, 0x00,
        0x00, 0x00, 0x00, 0x00, 0x00, 0x00, 0x00, 0x00, 0x00, 0x00, 0x00, 0x00,
        0x00, 0x00, 0x00, 0x00, 0x00, 0x00, 0x00, 0x00, 0x00, 0x00, 0x00, 0x00,
        0x00, 0x00, 0x00, 0x00, 0x00, 0x00, 0x00, 0x00, 0x00, 0x00, 0x00, 0x00,
        0x00, 0x00, 0x00, 0x00, 0x00, 0x00, 0x00, 0x00, 0x00, 0x00, 0x00, 0x00,
        0x00, 0x00, 0x00, 0x00, 0x00, 0x00, 0x00, 0x00, 0x00, 0x00, 0x00, 0x00,
        0x00, 0x00, 0x00, 0x00, 0x00, 0x00, 0x00, 0x00, 0x00, 0x00, 0x00, 0x00,
        0x00, 0x00, 0x00, 0x00, 0x00, 0x00, 0x00, 0x00, 0x00, 0x00, 0x00, 0x00,
        0x00, 0x00, 0x00, 0xC0, 0xFF, 0x68, 0x06, 0x75, 0xD4, 0xF5, 0xDD, 0x9C,
        0x00, 0x00, 0x00, 0xC0, 0xFF, 0x6A, 0xB7, 0xFF, 0xFF, 0xFF, 0xFF, 0xFF,
        0x00, 0x00, 0x00, 0xC0, 0xFF, 0xCB, 0xF6, 0x76, 0x1F, 0x07, 0x26, 0x6A,
        0x00, 0x00, 0x00, 0xC0, 0xFF, 0xFF, 0x4A, 0x00, 0x00, 0x00, 0x00, 0x00,
        0x00, 0x00, 0x00, 0xC0, 0xFF, 0xC3, 0x00, 0x00, 0x00, 0x00, 0x00, 0x00,
        0x00, 0x00, 0x00, 0xC0, 0xFF, 0x83, 0x00, 0x00, 0x00, 0x00, 0x00, 0x00,
        0x00, 0x00, 0x00, 0xC0, 0xFF, 0x6C, 0x00, 0x00, 0x00, 0x00, 0x00, 0x00,
        0x00, 0x00, 0x00, 0xC0, 0xFF, 0x68, 0x00, 0x00, 0x00, 0x00, 0x00, 0x00,
        0x00, 0x00, 0x00, 0xC0, 0xFF, 0x68, 0x00, 0x00, 0x00, 0x00, 0x00, 0x00,
        0x00, 0x00, 0x00, 0xC0, 0xFF, 0x68, 0x00, 0x00, 0x00, 0x00, 0x00, 0x00,
        0x00, 0x00, 0x00, 0xC0, 0xFF, 0x68, 0x00, 0x00, 0x00, 0x00, 0x00, 0x00,
        0x00, 0x00, 0x00, 0xC0, 0xFF, 0x68, 0x00, 0x00, 0x00, 0x00, 0x00, 0x00,
        0x00, 0x00, 0x00, 0xC0, 0xFF, 0x68, 0x00, 0x00, 0x00, 0x00, 0x00, 0x00,
        0x00, 0x00, 0x00, 0x00, 0x00, 0x00, 0x00, 0x00, 0x00, 0x00, 0x00, 0x00
    },
    {
        0x00, 0x00, 0x00, 0x00, 0x00, 0x00, 0x00, 0x00, 0x00, 0x00, 0x00, 0x00,
        0x00, 0x00, 0x00, 0x00, 0x00, 0x00, 0x00, 0x00, 0x00, 0x00, 0x00, 0x00,
        0x00, 0x00, 0x00, 0x00, 0x00, 0x00, 0x00, 0x00, 0x00, 0x00, 0x00, 0x00,
        0x00, 0x00, 0x00, 0x00, 0x00, 0x00, 0x00, 0x00, 0x00, 0x00, 0x00, 0x00,
        0x00, 0x00, 0x00, 0x00, 0x00, 0x00, 0x00, 0x00, 0x00, 0x00, 0x00, 0x00,
        0x00, 0x00, 0x00, 0x00, 0x00, 0x00, 0x00, 0x00, 0x00, 0x00, 0x00, 0x00,
        0x00, 0x00, 0x00, 0x00, 0x00, 0x00, 0x00, 0x00, 0x00, 0x00, 0x00, 0x00,
        0x00, 0x00, 0x00, 0x00, 0x00, 0x00, 0x00, 0x00, 0x00, 0x00, 0x00, 0x00,
        0x00, 0x00, 0x00, 0x00, 0x00, 0x00, 0x00, 0x00, 0x00, 0x00, 0x00, 0x00,
        0x00, 0x00, 0x00, 0x00, 0x00, 0x00, 0x00, 0x00, 0x00, 0x00, 0x00, 0x00,
        0x00, 0x00, 0x03, 0x67, 0xC4, 0xEF, 0xF9, 0xDF, 0xB7, 0x5A, 0x08, 0x00,
        0x00, 0x00, 0xAC, 0xFF, 0xFF, 0xFF, 0xFF, 0xFF, 0xFF, 0xFF, 0x68, 0x00,
        0x00, 0x3E, 0xFF, 0xFD, 0x79, 0x1C, 0x06, 0x1D, 0x45, 0xA3, 0x5F, 0x00,
        0x00, 0x6C, 0xFF, 0xC9, 0x00, 0x00, 0x00, 0x00, 0x00, 0x00, 0x00, 0x00,
        0x00, 0x52, 0xFF, 0xE8, 0x11, 0x00, 0x00, 0x00, 0x00, 0x00, 0x00, 0x00,
        0x00, 0x0A, 0xDC, 0xFF, 0xED, 0xA2, 0x69, 0x39, 0x05, 0x00, 0x00, 0x00,
        0x00, 0x00, 0x18, 0x9D, 0xEE, 0xFF, 0xFF, 0xFF, 0xF1, 0x8B, 0x07, 0x00,
        0x00, 0x00, 0x00, 0x00, 0x03, 0x30, 0x66, 0xB0, 0xFD, 0xFF, 0x96, 0x00,
        0x00, 0x00, 0x00, 0x00, 0x00, 0x00, 0x00, 0x00, 0x5F, 0xFF, 0xF4, 0x01,
        0x00, 0x00, 0x00, 0x00, 0x00, 0x00, 0x00, 0x00, 0x37, 0xFF, 0xFF, 0x0A,
        0x00, 0x75, 0xAC, 0x59, 0x2A, 0x0C, 0x0E, 0x42, 0xD2, 0xFF, 0xD0, 0x00,
        0x00, 0x80, 0xFF, 0xFF, 0xFF, 0xFF, 0xFF, 0xFF, 0xFF, 0xF3, 0x3A, 0x00,
        0x00, 0x0A, 0x53, 0xA5, 0xD6, 0xF4, 0xF7, 0xD8, 0x94, 0x21, 0x00, 0x00,
        0x00, 0x00, 0x00, 0x00, 0x00, 0x00, 0x00, 0x00, 0x00, 0x00, 0x00, 0x00
    },
    {
        0x00, 0x00, 0x00, 0x00, 0x00, 0x00, 0x00, 0x00, 0x00, 0x00, 0x00, 0x00,
        0x00, 0x00, 0x00, 0x00, 0x00, 0x00, 0x00, 0x00, 0x00, 0x00, 0x00, 0x00,
        0x00, 0x00, 0x00, 0x00, 0x00, 0x00, 0x00, 0x00, 0x00, 0x00, 0x00, 0x00,
        0x00, 0x00, 0x00, 0x00, 0x00, 0x00, 0x00, 0x00, 0x00, 0x00, 0x00, 0x00,
        0x00, 0x00, 0x00, 0x00, 0x00, 0x00, 0x00, 0x00, 0x00, 0x00, 0x00, 0x00,
        0x00, 0x00, 0x00, 0x00, 0x00, 0x00, 0x00, 0x00, 0x00, 0x00, 0x00, 0x00,
        0x00, 0x00, 0x00, 0x00, 0xF4, 0xFF, 0x34, 0x00, 0x00, 0x00, 0x00, 0x00,
        0x00, 0x00, 0x00, 0x00, 0xF4, 0xFF, 0x34, 0x00, 0x00, 0x00, 0x00, 0x00,
        0x00, 0x00, 0x00, 0x00, 0xF4, 0xFF, 0x34, 0x00, 0x00, 0x00, 0x00, 0x00,
        0x00, 0x00, 0x00, 0x00, 0xF4, 0xFF, 0x34, 0x00, 0x00, 0x00, 0x00, 0x00,
        0x78, 0xFF, 0xFF, 0xFF, 0xFF, 0xFF, 0xFF, 0xFF, 0xFF, 0xFF, 0xFF, 0x18,
        0x78, 0xFF, 0xFF, 0xFF, 0xFF, 0xFF, 0xFF, 0xFF, 0xFF, 0xFF, 0xFF, 0x18,
        0x00, 0x00, 0x00, 0x00, 0xF4, 0xFF, 0x34, 0x00, 0x00, 0x00, 0x00, 0x00,
        0x00, 0x00, 0x00, 0x00, 0xF4, 0xFF, 0x34, 0x00, 0x00, 0x00, 0x00, 0x00,
        0x00, 0x00, 0x00, 0x00, 0xF4, 0xFF, 0x34, 0x00, 0x00, 0x00, 0x00, 0x00,
        0x00, 0x00, 0x00, 0x00, 0xF4, 0xFF, 0x34, 0x00, 0x00, 0x00, 0x00, 0x00,
        0x00, 0x00, 0x00, 0x00, 0xF4, 0xFF, 0x34, 0x00, 0x00, 0x00, 0x00, 0x00,
        0x00, 0x00, 0x00, 0x00, 0xF4, 0xFF, 0x34, 0x00, 0x00, 0x00, 0x00, 0x00,
        0x00, 0x00, 0x00, 0x00, 0xF2, 0xFF, 0x36, 0x00, 0x00, 0x00, 0x00, 0x00,
        0x00, 0x00, 0x00, 0x00, 0xE6, 0xFF, 0x53, 0x00, 0x00, 0x00, 0x00, 0x00,
        0x00, 0x00, 0x00, 0x00, 0xBA, 0xFF, 0xCD, 0x2F, 0x06, 0x00, 0x00, 0x00,
        0x00, 0x00, 0x00, 0x00, 0x51, 0xFF, 0xFF, 0xFF, 0xFF, 0xFF, 0xFF, 0x18,
        0x00, 0x00, 0x00, 0x00, 0x00, 0x56, 0xC3, 0xF1, 0xFE, 0xFF, 0xFF, 0x18,
        0x00, 0x00, 0x00, 0x00, 0x00, 0x00, 0x00, 0x00, 0x00, 0x00, 0x00, 0x00
    },
    {
        0x00, 0x00, 0x00, 0x00, 0x00, 0x00, 0x00, 0x00, 0x00, 0x00, 0x00, 0x00,
        0x00, 0x00, 0x00, 0x00, 0x00, 0x00, 0x00, 0x00, 0x00, 0x00, 0x00, 0x00,
        0x00, 0x00, 0x00, 0x00, 0x00, 0x00, 0x00, 0x00, 0x00, 0x00, 0x00, 0x00,
        0x00, 0x00, 0x00, 0x00, 0x00, 0x00, 0x00, 0x00, 0x00, 0x00, 0x00, 0x00,
        0x00, 0x00, 0x00, 0x00, 0x00, 0x00, 0x00, 0x00, 0x00, 0x00, 0x00, 0x00,
        0x00, 0x00, 0x00, 0x00, 0x00, 0x00, 0x00, 0x00, 0x00, 0x00, 0x00, 0x00,
        0x00, 0x00, 0x00, 0x00, 0x00, 0x00, 0x00, 0x00, 0x00, 0x00, 0x00, 0x00,
        0x00, 0x00, 0x00, 0x00, 0x00, 0x00, 0x00, 0x00, 0x00, 0x00, 0x00, 0x00,
        0x00, 0x00, 0x00, 0x00, 0x00, 0x00, 0x00, 0x00, 0x00, 0x00, 0x00, 0x00,
        0x00, 0x00, 0x00, 0x00, 0x00, 0x00, 0x00, 0x00, 0x00, 0x00, 0x00, 0x00,
        0x00, 0xB8, 0xFF, 0x70, 0x00, 0x00, 0x00, 0x00, 0x00, 0xD8, 0xFF, 0x50,
        0x00, 0xB8, 0xFF, 0x70, 0x00, 0x00, 0x00, 0x00, 0x00, 0xD8, 0xFF, 0x50,
        0x00, 0xB8, 0xFF, 0x70, 0x00, 0x00, 0x00, 0x00, 0x00, 0xD8, 0xFF, 0x50,
        0x00, 0xB8, 0xFF, 0x70, 0x00, 0x00, 0x00, 0x00, 0x00, 0xD8, 0xFF, 0x50,
        0x00, 0xB8, 0xFF, 0x70, 0x00, 0x00, 0x00, 0x00, 0x00, 0xD8, 0xFF, 0x50,
        0x00, 0xB8, 0xFF, 0x70, 0x00, 0x00, 0x00, 0x00, 0x00, 0xD8, 0xFF, 0x50,
        0x00, 0xB8, 0xFF, 0x70, 0x00, 0x00, 0x00, 0x00, 0x00, 0xD8, 0xFF, 0x50,
        0x00, 0xB7, 0xFF, 0x70, 0x00, 0x00, 0x00, 0x00, 0x00, 0xE5, 0xFF, 0x50,
        0x00, 0xAE, 0xFF, 0x84, 0x00, 0x00, 0x00, 0x00, 0x09, 0xFE, 0xFF, 0x50,
        0x00, 0x92, 0xFF, 0xBD, 0x00, 0x00, 0x00, 0x00, 0x6B, 0xFF, 0xFF, 0x50,
        0x00, 0x52, 0xFF, 0xFF, 0x78, 0x16, 0x0C, 0x5C, 0xF0, 0xF4, 0xFF, 0x50,
        0x00, 0x04, 0xD1, 0xFF, 0xFF, 0xFF, 0xFF, 0xFF, 0x86, 0xD8, 0xFF, 0x50,
        0x00, 0x00, 0x18, 0xA3, 0xED, 0xF6, 0xD0, 0x63, 0x00, 0xD8, 0xFF, 0x50,
        0x00, 0x00, 0x00, 0x00, 0x00, 0x00, 0x00, 0x00, 0x00, 0x00, 0x00, 0x00
    },
    {
        0x00, 0x00, 0x00, 0x00, 0x00, 0x00, 0x00, 0x00, 0x00, 0x00, 0x00, 0x00,
        0x00, 0x00, 0x00, 0x00, 0x00, 0x00, 0x00, 0x00, 0x00, 0x00, 0x00, 0x00,
        0x00, 0x00, 0x00, 0x00, 0x00, 0x00, 0x00, 0x00, 0x00, 0x00, 0x00, 0x00,
        0x00, 0x00, 0x00, 0x00, 0x00, 0x00, 0x00, 0x00, 0x00, 0x00, 0x00, 0x00,
        0x00, 0x00, 0x00, 0x00, 0x00, 0x00, 0x00, 0x00, 0x00, 0x00, 0x00, 0x00,
        0x00, 0x00, 0x00, 0x00, 0x00, 0x00, 0x00, 0x00, 0x00, 0x00, 0x00, 0x00,
        0x00, 0x00, 0x00, 0x00, 0x00, 0x00, 0x00, 0x00, 0x00, 0x00, 0x00, 0x00,
        0x00, 0x00, 0x00, 0x00, 0x00, 0x00, 0x00, 0x00, 0x00, 0x00, 0x00, 0x00,
        0x00, 0x00, 0x00, 0x00, 0x00, 0x00, 0x00, 0x00, 0x00, 0x00, 0x00, 0x00,
        0x00, 0x00, 0x00, 0x00, 0x00, 0x00, 0x00, 0x00, 0x00, 0x00, 0x00, 0x00,
        0xA7, 0xFF, 0x94, 0x00, 0x00, 0x00, 0x00, 0x00, 0x00, 0x21, 0xFF, 0xFD,
        0x4B, 0xFF, 0xE9, 0x03, 0x00, 0x00, 0x00, 0x00, 0x00, 0x7B, 0xFF, 0xBD,
        0x04, 0xEA, 0xFF, 0x47, 0x00, 0x00, 0x00, 0x00, 0x00, 0xD4, 0xFF, 0x61,
        0x00, 0x93, 0xFF, 0xA0, 0x00, 0x00, 0x00, 0x00, 0x2F, 0xFF, 0xF7, 0x0E,
        0x00, 0x37, 0xFF, 0xF1, 0x08, 0x00, 0x00, 0x00, 0x89, 0xFF, 0xA9, 0x00,
        0x00, 0x00, 0xDA, 0xFF, 0x53, 0x00, 0x00, 0x01, 0xE1, 0xFF, 0x4D, 0x00,
        0x00, 0x00, 0x7F, 0xFF, 0xAD, 0x00, 0x00, 0x3C, 0xFF, 0xEC, 0x05, 0x00,
        0x00, 0x00, 0x23, 0xFF, 0xF7, 0x0E, 0x00, 0x96, 0xFF, 0x95, 0x00, 0x00,
        0x00, 0x00, 0x00, 0xC7, 0xFF, 0x60, 0x04, 0xEB, 0xFF, 0x39, 0x00, 0x00,
        0x00, 0x00, 0x00, 0x6B, 0xFF, 0xB9, 0x4A, 0xFF, 0xDC, 0x00, 0x00, 0x00,
        0x00, 0x00, 0x00, 0x13, 0xFA, 0xFC, 0xBA, 0xFF, 0x81, 0x00, 0x00, 0x00,
        0x00, 0x00, 0x00, 0x00, 0xB3, 0xFF, 0xFF, 0xFF, 0x25, 0x00, 0x00, 0x00,
        0x00, 0x00, 0x00, 0x00, 0x56, 0xFF, 0xFF, 0xC9, 0x00, 0x00, 0x00, 0x00,
        0x00, 0x00, 0x00, 0x00, 0x00, 0x00, 0x00, 0x00, 0x00, 0x00, 0x00, 0x00
    },
    {
        0x00, 0x00, 0x00, 0x00, 0x00, 0x00, 0x00, 0x00, 0x00, 0x00, 0x00, 0x00,
        0x00, 0x00, 0x00, 0x00, 0x00, 0x00, 0x00, 0x00, 0x00, 0x00, 0x00, 0x00,
        0x00, 0x00, 0x00, 0x00, 0x00, 0x00, 0x00, 0x00, 0x00, 0x00, 0x00, 0x00,
        0x00, 0x00, 0x00, 0x00, 0x00, 0x00, 0x00, 0x00, 0x00, 0x00, 0x00, 0x00,
        0x00, 0x00, 0x00, 0x00, 0x00, 0x00, 0x00, 0x00, 0x00, 0x00, 0x00, 0x00,
        0x00, 0x00, 0x00, 0x00, 0x00, 0x00, 0x00, 0x00, 0x00, 0x00, 0x00, 0x00,
        0x00, 0x00, 0x00, 0x00, 0x00, 0x00, 0x00, 0x00, 0x00, 0x00, 0x00, 0x00,
        0x00, 0x00, 0x00, 0x00, 0x00, 0x00, 0x00, 0x00, 0x00, 0x00, 0x00, 0x00,
        0x00, 0x00, 0x00, 0x00, 0x00, 0x00, 0x00, 0x00, 0x00, 0x00, 0x00, 0x00,
        0x00, 0x00, 0x00, 0x00, 0x00, 0x00, 0x00, 0x00, 0x00, 0x00, 0x00, 0x00,
        0xFF, 0x3F, 0x00, 0x00, 0x00, 0x00, 0x00, 0x00, 0x00, 0x00, 0x00, 0xCC,
        0xFF, 0x76, 0x00, 0x00, 0x00, 0x00, 0x00, 0x00, 0x00, 0x00, 0x08, 0xFA,
        0xFF, 0xAD, 0x00, 0x00, 0x00, 0x00, 0x00, 0x00, 0x00, 0x00, 0x3A, 0xFF,
        0xFF, 0xE5, 0x00, 0x00, 0x00, 0x00, 0x00, 0x00, 0x00, 0x00, 0x72, 0xFF,
        0xED, 0xFF, 0x1C, 0x00, 0x00, 0xD9, 0xFF, 0x48, 0x00, 0x00, 0xA9, 0xFF,
        0xB3, 0xFF, 0x53, 0x00, 0x21, 0xFF, 0xFF, 0x92, 0x00, 0x00, 0xE0, 0xFF,
        0x76, 0xFF, 0x8B, 0x00, 0x6B, 0xFD, 0xBA, 0xDC, 0x00, 0x17, 0xFF, 0xE9,
        0x3A, 0xFF, 0xC2, 0x00, 0xB4, 0xC7, 0x57, 0xFF, 0x26, 0x4F, 0xFF, 0xAD,
        0x06, 0xF6, 0xF5, 0x0B, 0xF5, 0x7B, 0x0F, 0xFA, 0x6F, 0x86, 0xFF, 0x70,
        0x00, 0xC0, 0xFF, 0x77, 0xFF, 0x2F, 0x00, 0xBD, 0xB9, 0xBD, 0xFF, 0x33,
        0x00, 0x84, 0xFF, 0xEB, 0xE2, 0x00, 0x00, 0x70, 0xF8, 0xF3, 0xF3, 0x03,
        0x00, 0x47, 0xFF, 0xFF, 0x96, 0x00, 0x00, 0x23, 0xFF, 0xFF, 0xBA, 0x00,
        0x00, 0x0D, 0xFC, 0xFF, 0x4A, 0x00, 0x00, 0x00, 0xD6, 0xFF, 0x7E, 0x00,
        0x00, 0x00, 0x00, 0x00, 0x00, 0x00, 0x00, 0x00, 0x00, 0x00, 0x00, 0x00
    },
    {
        0x00, 0x00, 0x00, 0x00, 0x00, 0x00, 0x00, 0x00, 0x00, 0x00, 0x00, 0x00,
        0x00, 0x00, 0x00, 0x00, 0x00, 0x00, 0x00, 0x00, 0x00, 0x00, 0x00, 0x00,
        0x00, 0x00, 0x00, 0x00, 0x00, 0x00, 0x00, 0x00, 0x00, 0x00, 0x00, 0x00,
        0x00, 0x00, 0x00, 0x00, 0x00, 0x00, 0x00, 0x00, 0x00, 0x00, 0x00, 0x00,
        0x00, 0x00, 0x00, 0x00, 0x00, 0x00, 0x00, 0x00, 0x00, 0x00, 0x00, 0x00,
        0x00, 0x00, 0x00, 0x00, 0x00, 0x00, 0x00, 0x00, 0x00, 0x00, 0x00, 0x00,
        0x00, 0x00, 0x00, 0x00, 0x00, 0x00, 0x00, 0x00, 0x00, 0x00, 0x00, 0x00,
        0x00, 0x00, 0x00, 0x00, 0x00, 0x00, 0x00, 0x00, 0x00, 0x00, 0x00, 0x00,
        0x00, 0x00, 0x00, 0x00, 0x00, 0x00, 0x00, 0x00, 0x00, 0x00, 0x00, 0x00,
        0x00, 0x00, 0x00, 0x00, 0x00, 0x00, 0x00, 0x00, 0x00, 0x00, 0x00, 0x00,
        0x49, 0xFE, 0xF3, 0x26, 0x00, 0x00, 0x00, 0x00, 0x00, 0xAE, 0xFF, 0xB9,
        0x00, 0x86, 0xFF, 0xD0, 0x07, 0x00, 0x00, 0x00, 0x6B, 0xFF, 0xE4, 0x15,
        0x00, 0x03, 0xC0, 0xFF, 0x95, 0x00, 0x00, 0x2F, 0xF8, 0xFB, 0x3C, 0x00,
        0x00, 0x00, 0x19, 0xE9, 0xFF, 0x53, 0x0C, 0xD9, 0xFF, 0x76, 0x00, 0x00,
        0x00, 0x00, 0x00, 0x43, 0xFD, 0xF0, 0xB2, 0xFF, 0xB3, 0x01, 0x00, 0x00,
        0x00, 0x00, 0x00, 0x00, 0x7F, 0xFF, 0xFF, 0xE1, 0x12, 0x00, 0x00, 0x00,
        0x00, 0x00, 0x00, 0x00, 0x35, 0xFF, 0xFF, 0xA7, 0x00, 0x00, 0x00, 0x00,
        0x00, 0x00, 0x00, 0x0F, 0xDD, 0xFF, 0xF6, 0xFF, 0x61, 0x00, 0x00, 0x00,
        0x00, 0x00, 0x00, 0xAF, 0xFF, 0xB0, 0x43, 0xFD, 0xF6, 0x2D, 0x00, 0x00,
        0x00, 0x00, 0x73, 0xFF, 0xE2, 0x12, 0x00, 0x84, 0xFF, 0xD9, 0x0D, 0x00,
        0x00, 0x3A, 0xFB, 0xFC, 0x3D, 0x00, 0x00, 0x03, 0xC4, 0xFF, 0xA9, 0x00,
        0x14, 0xE3, 0xFF, 0x7D, 0x00, 0x00, 0x00, 0x00, 0x1D, 0xED, 0xFF, 0x6B,
        0xB8, 0xFF, 0xBF, 0x02, 0x00, 0x00, 0x00, 0x00, 0x00, 0x4F, 0xFF, 0xF9,
        0x00, 0x00, 0x00, 0x00, 0x00, 0x00, 0x00, 0x00, 0x00, 0x00, 0x00, 0x00
    },
    {
        0x00, 0x00, 0x00, 0x00, 0x00, 0x00, 0x00, 0x00, 0x00, 0x00, 0x00, 0x00,
        0x00, 0x00, 0x00, 0x00, 0x00, 0x00, 0x00, 0x00, 0x00, 0x00, 0x00, 0x00,
        0x00, 0x00, 0x00, 0x00, 0x00, 0x00, 0x00, 0x00, 0x00, 0x00, 0x00, 0x00,
        0x00, 0x00, 0x00, 0x00, 0x00, 0x00, 0x00, 0x00, 0x00, 0x00, 0x00, 0x00,
        0x00, 0x00, 0x00, 0x00, 0x00, 0x00, 0x00, 0x00, 0x00, 0x00, 0x00, 0x00,
        0x00, 0x00, 0x00, 0x00, 0x00, 0x00, 0x00, 0x00, 0x00, 0x00, 0x00, 0x00,
        0x00, 0x00, 0x00, 0x00, 0x00, 0x00, 0x00, 0x00, 0x00, 0x00, 0x00, 0x00,
        0x00, 0x00, 0x00, 0x00, 0x00, 0x00, 0x00, 0x00, 0x00, 0x00, 0x00, 0x00,
        0x00, 0x00, 0x00, 0x00, 0x00, 0x00, 0x00, 0x00, 0x00, 0x00, 0x00, 0x00,
        0x00, 0x00, 0x00, 0x00, 0x00, 0x00, 0x00, 0x00, 0x00, 0x00, 0x00, 0x00,
        0x95, 0xFF, 0xB0, 0x00, 0x00, 0x00, 0x00, 0x00, 0x00, 0x07, 0xED, 0xFF,
        0x2E, 0xFF, 0xFB, 0x17, 0x00, 0x00, 0x00, 0x00, 0x00, 0x55, 0xFF, 0xE7,
        0x00, 0xC8, 0xFF, 0x74, 0x00, 0x00, 0x00, 0x00, 0x00, 0xB6, 0xFF, 0x86,
        0x00, 0x61, 0xFF, 0xD6, 0x00, 0x00, 0x00, 0x00, 0x19, 0xFC, 0xFE, 0x23,
        0x00, 0x0A, 0xF0, 0xFF, 0x38, 0x00, 0x00, 0x00, 0x77, 0xFF, 0xBC, 0x00,
        0x00, 0x00, 0x94, 0xFF, 0x9A, 0x00, 0x00, 0x00, 0xD7, 0xFF, 0x56, 0x00,
        0x00, 0x00, 0x2D, 0xFF, 0xF1, 0x0A, 0x00, 0x39, 0xFF, 0xEB, 0x06, 0x00,
        0x00, 0x00, 0x00, 0xC7, 0xFF, 0x5E, 0x00, 0x9A, 0xFF, 0x8C, 0x00, 0x00,
        0x00, 0x00, 0x00, 0x60, 0xFF, 0xC0, 0x09, 0xF0, 0xFF, 0x28, 0x00, 0x00,
        0x00, 0x00, 0x00, 0x09, 0xEF, 0xFE, 0x7E, 0xFF, 0xC3, 0x00, 0x00, 0x00,
        0x00, 0x00, 0x00, 0x00, 0x93, 0xFF, 0xFD, 0xFF, 0x61, 0x00, 0x00, 0x00,
        0x00, 0x00, 0x00, 0x00, 0x2C, 0xFF, 0xFF, 0xF5, 0x0C, 0x00, 0x00, 0x00,
        0x00, 0x00, 0x00, 0x00, 0x00, 0xD0, 0xFF, 0xA2, 0x00, 0x00, 0x00, 0x00,
        0x00, 0x00, 0x00, 0x00, 0x10, 0xF6, 0xFF, 0x41, 0x00, 0x00, 0x00, 0x00
    },
    {
        0x00, 0x00, 0x00, 0x00, 0x00, 0x00, 0x00, 0x00, 0x00, 0x00, 0x00, 0x00,
        0x00, 0x00, 0x00, 0x00, 0x00, 0x00, 0x00, 0x00, 0x00, 0x00, 0x00, 0x00,
        0x00, 0x00, 0x00, 0x00, 0x00, 0x00, 0x00, 0x00, 0x00, 0x00, 0x00, 0x00,
        0x00, 0x00, 0x00, 0x00, 0x00, 0x00, 0x00, 0x00, 0x00, 0x00, 0x00, 0x00,
        0x00, 0x00, 0x00, 0x00, 0x00, 0x00, 0x00, 0x00, 0x00, 0x00, 0x00, 0x00,
        0x00, 0x00, 0x00, 0x00, 0x00, 0x00, 0x00, 0x00, 0x00, 0x00, 0x00, 0x00,
        0x00, 0x00, 0x00, 0x00, 0x00, 0x00, 0x00, 0x00, 0x00, 0x00, 0x00, 0x00,
        0x00, 0x00, 0x00, 0x00, 0x00, 0x00, 0x00, 0x00, 0x00, 0x00, 0x00, 0x00,
        0x00, 0x00, 0x00, 0x00, 0x00, 0x00, 0x00, 0x00, 0x00, 0x00, 0x00, 0x00,
        0x00, 0x00, 0x00, 0x00, 0x00, 0x00, 0x00, 0x00, 0x00, 0x00, 0x00, 0x00,
        0x00, 0x58, 0xFF, 0xFF, 0xFF, 0xFF, 0xFF, 0xFF, 0xFF, 0xFF, 0xFF, 0x30,
        0x00, 0x58, 0xFF, 0xFF, 0xFF, 0xFF, 0xFF, 0xFF, 0xFF, 0xFF, 0xFF, 0x2F,
        0x00, 0x00, 0x00, 0x00, 0x00, 0x00, 0x00, 0x00, 0x7F, 0xFF, 0xB0, 0x01,
        0x00, 0x00, 0x00, 0x00, 0x00, 0x00, 0x00, 0x54, 0xFE, 0xD2, 0x0C, 0x00,
        0x00, 0x00, 0x00, 0x00, 0x00, 0x00, 0x32, 0xF5, 0xEA, 0x1F, 0x00, 0x00,
        0x00, 0x00, 0x00, 0x00, 0x00, 0x19, 0xE3, 0xF9, 0x3C, 0x00, 0x00, 0x00,
        0x00, 0x00, 0x00, 0x00, 0x08, 0xC9, 0xFF, 0x62, 0x00, 0x00, 0x00, 0x00,
        0x00, 0x00, 0x00, 0x00, 0xA6, 0xFF, 0x8E, 0x00, 0x00, 0x00, 0x00, 0x00,
        0x00, 0x00, 0x00, 0x7B, 0xFF, 0xB7, 0x03, 0x00, 0x00, 0x00, 0x00, 0x00,
        0x00, 0x00, 0x51, 0xFE, 0xD7, 0x0F, 0x00, 0x00, 0x00, 0x00, 0x00, 0x00,
        0x00, 0x30, 0xF4, 0xED, 0x24, 0x00, 0x00, 0x00, 0x00, 0x00, 0x00, 0x00,
        0x00, 0x9F, 0xFF, 0xFF, 0xFF, 0xFF, 0xFF, 0xFF, 0xFF, 0xFF, 0xFF, 0x30,
        0x00, 0xA0, 0xFF, 0xFF, 0xFF, 0xFF, 0xFF, 0xFF, 0xFF, 0xFF, 0xFF, 0x30,
        0x00, 0x00, 0x00, 0x00, 0x00, 0x00, 0x00, 0x00, 0x00, 0x00, 0x00, 0x00
    },
    {
        0x00, 0x00, 0x00, 0x00, 0x00, 0x00, 0x00, 0x00, 0x00, 0x00, 0x00, 0x00,
        0x00, 0x00, 0x00, 0x00, 0x00, 0x00, 0x00, 0x00, 0x00, 0x00, 0x00, 0x00,
        0x00, 0x00, 0x00, 0x00, 0x00, 0x00, 0x00, 0x00, 0x00, 0x00, 0x00, 0x00,
        0x00, 0x00, 0x00, 0x00, 0x00, 0x00, 0x00, 0x00, 0x00, 0x00, 0x00, 0x00,
        0x00, 0x00, 0x00, 0x00, 0x00, 0x00, 0x00, 0x00, 0x00, 0x00, 0x00, 0x00,
        0x00, 0x00, 0x00, 0x00, 0x00, 0x00, 0x49, 0xB5, 0xE5, 0xF8, 0xDB, 0x00,
        0x00, 0x00, 0x00, 0x00, 0x00, 0x38, 0xFD, 0xFF, 0xFF, 0xFF, 0xDC, 0x00,
        0x00, 0x00, 0x00, 0x00, 0x00, 0x94, 0xFF, 0xDC, 0x33, 0x07, 0x00, 0x00,
        0x00, 0x00, 0x00, 0x00, 0x00, 0xBB, 0xFF, 0x7E, 0x00, 0x00, 0x00, 0x00,
        0x00, 0x00, 0x00, 0x00, 0x00, 0xC6, 0xFF, 0x69, 0x00, 0x00, 0x00, 0x00,
        0x00, 0x00, 0x00, 0x00, 0x00, 0xC8, 0xFF, 0x68, 0x00, 0x00, 0x00, 0x00,
        0x00, 0x00, 0x00, 0x00, 0x00, 0xC8, 0xFF, 0x68, 0x00, 0x00, 0x00, 0x00,
        0x00, 0x00, 0x00, 0x00, 0x00, 0xCD, 0xFF, 0x61, 0x00, 0x00, 0x00, 0x00,
        0x00, 0x00, 0x00, 0x00, 0x05, 0xF1, 0xFF, 0x4B, 0x00, 0x00, 0x00, 0x00,
        0x00, 0x00, 0x03, 0x20, 0x9B, 0xFF, 0xF5, 0x0E, 0x00, 0x00, 0x00, 0x00,
        0x00, 0x68, 0xFF, 0xFF, 0xFF, 0xD3, 0x44, 0x00, 0x00, 0x00, 0x00, 0x00,
        0x00, 0x68, 0xFF, 0xFF, 0xFF, 0xD1, 0x3F, 0x00, 0x00, 0x00, 0x00, 0x00,
        0x00, 0x00, 0x03, 0x22, 0xA3, 0xFF, 0xF3, 0x0C, 0x00, 0x00, 0x00, 0x00,
        0x00, 0x00, 0x00, 0x00, 0x08, 0xF3, 0xFF, 0x4A, 0x00, 0x00, 0x00, 0x00,
        0x00, 0x00, 0x00, 0x00, 0x00, 0xCF, 0xFF, 0x61, 0x00, 0x00, 0x00, 0x00,
        0x00, 0x00, 0x00, 0x00, 0x00, 0xC8, 0xFF, 0x68, 0x00, 0x00, 0x00, 0x00,
        0x00, 0x00, 0x00, 0x00, 0x00, 0xC8, 0xFF, 0x68, 0x00, 0x00, 0x00, 0x00,
        0x00, 0x00, 0x00, 0x00, 0x00, 0xC6, 0xFF, 0x69, 0x00, 0x00, 0x00, 0x00,
        0x00, 0x00, 0x00, 0x00, 0x00, 0xBB, 0xFF, 0x7D, 0x00, 0x00, 0x00, 0x00
    },
    {
        0x00, 0x00, 0x00, 0x00, 0x00, 0x00, 0x00, 0x00, 0x00, 0x00, 0x00, 0x00,
        0x00, 0x00, 0x00, 0x00, 0x00, 0x00, 0x00, 0x00, 0x00, 0x00, 0x00, 0x00,
        0x00, 0x00, 0x00, 0x00, 0x00, 0x00, 0x00, 0x00, 0x00, 0x00, 0x00, 0x00,
        0x00, 0x00, 0x00, 0x00, 0x00, 0x00, 0x00, 0x00, 0x00, 0x00, 0x00, 0x00,
        0x00, 0x00, 0x00, 0x00, 0x00, 0x00, 0x00, 0x00, 0x00, 0x00, 0x00, 0x00,
        0x00, 0x00, 0x00, 0x00, 0x00, 0xC8, 0xFF, 0x3C, 0x00, 0x00, 0x00, 0x00,
        0x00, 0x00, 0x00, 0x00, 0x00, 0xC8, 0xFF, 0x3C, 0x00, 0x00, 0x00, 0x00,
        0x00, 0x00, 0x00, 0x00, 0x00, 0xC8, 0xFF, 0x3C, 0x00, 0x00, 0x00, 0x00,
        0x00, 0x00, 0x00, 0x00, 0x00, 0xC8, 0xFF, 0x3C, 0x00, 0x00, 0x00, 0x00,
        0x00, 0x00, 0x00, 0x00, 0x00, 0xC8, 0xFF, 0x3C, 0x00, 0x00, 0x00, 0x00,
        0x00, 0x00, 0x00, 0x00, 0x00, 0xC8, 0xFF, 0x3C, 0x00, 0x00, 0x00, 0x00,
        0x00, 0x00, 0x00, 0x00, 0x00, 0xC8, 0xFF, 0x3C, 0x00, 0x00, 0x00, 0x00,
        0x00, 0x00, 0x00, 0x00, 0x00, 0xC8, 0xFF, 0x3C, 0x00, 0x00, 0x00, 0x00,
        0x00, 0x00, 0x00, 0x00, 0x00, 0xC8, 0xFF, 0x3C, 0x00, 0x00, 0x00, 0x00,
        0x00, 0x00, 0x00, 0x00, 0x00, 0xC8, 0xFF, 0x3C, 0x00, 0x00, 0x00, 0x00,
        0x00, 0x00, 0x00, 0x00, 0x00, 0xC8, 0xFF, 0x3C, 0x00, 0x00, 0x00, 0x00,
        0x00, 0x00, 0x00, 0x00, 0x00, 0xC8, 0xFF, 0x3C, 0x00, 0x00, 0x00, 0x00,
        0x00, 0x00, 0x00, 0x00, 0x00, 0xC8, 0xFF, 0x3C, 0x00, 0x00, 0x00, 0x00,
        0x00, 0x00, 0x00, 0x00, 0x00, 0xC8, 0xFF, 0x3C, 0x00, 0x00, 0x00, 0x00,
        0x00, 0x00, 0x00, 0x00, 0x00, 0xC8, 0xFF, 0x3C, 0x00, 0x00, 0x00, 0x00,
        0x00, 0x00, 0x00, 0x00, 0x00, 0xC8, 0xFF, 0x3C, 0x00, 0x00, 0x00, 0x00,
        0x00, 0x00, 0x00, 0x00, 0x00, 0xC8, 0xFF, 0x3C, 0x00, 0x00, 0x00, 0x00,
        0x00, 0x00, 0x00, 0x00, 0x00, 0xC8, 0xFF, 0x3C, 0x00, 0x00, 0x00, 0x00,
        0x00, 0x00, 0x00, 0x00, 0x00, 0xC8, 0xFF, 0x3C, 0x00, 0x00, 0x00, 0x00
    },
    {
        0x00, 0x00, 0x00, 0x00, 0x00, 0x00, 0x00, 0x00, 0x00, 0x00, 0x00, 0x00,
        0x00, 0x00, 0x00, 0x00, 0x00, 0x00, 0x00, 0x00, 0x00, 0x00, 0x00, 0x00,
        0x00, 0x00, 0x00, 0x00, 0x00, 0x00, 0x00, 0x00, 0x00, 0x00, 0x00, 0x00,
        0x00, 0x00, 0x00, 0x00, 0x00, 0x00, 0x00, 0x00, 0x00, 0x00, 0x00, 0x00,
        0x00, 0x00, 0x00, 0x00, 0x00, 0x00, 0x00, 0x00, 0x00, 0x00, 0x00, 0x00,
        0x00, 0x68, 0xFD, 0xF0, 0xCE, 0x81, 0x0B, 0x00, 0x00, 0x00, 0x00, 0x00,
        0x00, 0x68, 0xFF, 0xFF, 0xFF, 0xFF, 0xA1, 0x00, 0x00, 0x00, 0x00, 0x00,
        0x00, 0x00, 0x02, 0x17, 0x8A, 0xFF, 0xF9, 0x06, 0x00, 0x00, 0x00, 0x00,
        0x00, 0x00, 0x00, 0x00, 0x0C, 0xFE, 0xFF, 0x25, 0x00, 0x00, 0x00, 0x00,
        0x00, 0x00, 0x00, 0x00, 0x00, 0xF5, 0xFF, 0x32, 0x00, 0x00, 0x00, 0x00,
        0x00, 0x00, 0x00, 0x00, 0x00, 0xF4, 0xFF, 0x34, 0x00, 0x00, 0x00, 0x00,
        0x00, 0x00, 0x00, 0x00, 0x00, 0xF4, 0xFF, 0x34, 0x00, 0x00, 0x00, 0x00,
        0x00, 0x00, 0x00, 0x00, 0x00, 0xED, 0xFF, 0x39, 0x00, 0x00, 0x00, 0x00,
        0x00, 0x00, 0x00, 0x00, 0x00, 0xD7, 0xFF, 0x62, 0x00, 0x00, 0x00, 0x00,
        0x00, 0x00, 0x00, 0x00, 0x00, 0x90, 0xFF, 0xDF, 0x40, 0x09, 0x00, 0x00,
        0x00, 0x00, 0x00, 0x00, 0x00, 0x0B, 0xA0, 0xF7, 0xFF, 0xFF, 0xDC, 0x00,
        0x00, 0x00, 0x00, 0x00, 0x00, 0x09, 0x9C, 0xF7, 0xFF, 0xFF, 0xDC, 0x00,
        0x00, 0x00, 0x00, 0x00, 0x00, 0x8C, 0xFF, 0xE3, 0x44, 0x0A, 0x00, 0x00,
        0x00, 0x00, 0x00, 0x00, 0x00, 0xD6, 0xFF, 0x66, 0x00, 0x00, 0x00, 0x00,
        0x00, 0x00, 0x00, 0x00, 0x00, 0xED, 0xFF, 0x3A, 0x00, 0x00, 0x00, 0x00,
        0x00, 0x00, 0x00, 0x00, 0x00, 0xF4, 0xFF, 0x34, 0x00, 0x00, 0x00, 0x00,
        0x00, 0x00, 0x00, 0x00, 0x00, 0xF4, 0xFF, 0x34, 0x00, 0x00, 0x00, 0x00,
        0x00, 0x00, 0x00, 0x00, 0x00, 0xF5, 0xFF, 0x32, 0x00, 0x00, 0x00, 0x00,
        0x00, 0x00, 0x00, 0x00, 0x0B, 0xFE, 0xFF, 0x25, 0x00, 0x00, 0x00, 0x00
    },
    {
        0x00, 0x00, 0x00, 0x00, 0x00, 0x00, 0x00, 0x00, 0x00, 0x00, 0x00, 0x00,
        0x00, 0x00, 0x00, 0x00, 0x00, 0x00, 0x00, 0x00, 0x00, 0x00, 0x00, 0x00,
        0x00, 0x00, 0x00, 0x00, 0x00, 0x00, 0x00, 0x00, 0x00, 0x00, 0x00, 0x00,
        0x00, 0x00, 0x00, 0x00, 0x00, 0x00, 0x00, 0x00, 0x00, 0x00, 0x00, 0x00,
        0x00, 0x00, 0x00, 0x00, 0x00, 0x00, 0x00, 0x00, 0x00, 0x00, 0x00, 0x00,
        0x00, 0x00, 0x00, 0x00, 0x00, 0x00, 0x00, 0x00, 0x00, 0x00, 0x00, 0x00,
        0x00, 0x00, 0x00, 0x00, 0x00, 0x00, 0x00, 0x00, 0x00, 0x00, 0x00, 0x00,
        0x00, 0x00, 0x00, 0x00, 0x00, 0x00, 0x00, 0x00, 0x00, 0x00, 0x00, 0x00,
        0x00, 0x00, 0x00, 0x00, 0x00, 0x00, 0x00, 0x00, 0x00, 0x00, 0x00, 0x00,
        0x00, 0x00, 0x00, 0x00, 0x00, 0x00, 0x00, 0x00, 0x00, 0x00, 0x00, 0x00,
        0x00, 0x00, 0x00, 0x00, 0x00, 0x00, 0x00, 0x00, 0x00, 0x00, 0x00, 0x00,
        0x00, 0x00, 0x00, 0x00, 0x00, 0x00, 0x00, 0x00, 0x00, 0x00, 0x00, 0x00,
        0x00, 0x00, 0x00, 0x00, 0x00, 0x00, 0x00, 0x00, 0x00, 0x00, 0x00, 0x00,
        0x00, 0x00, 0x00, 0x00, 0x00, 0x00, 0x00, 0x00, 0x00, 0x00, 0x00, 0x00,
        0x4A, 0xAD, 0xDD, 0xF8, 0xED, 0xC4, 0x80, 0x3B, 0x0F, 0x0F, 0x38, 0x95,
        0xF8, 0xFF, 0xFF, 0xFF, 0xFF, 0xFF, 0xFF, 0xFF, 0xFF, 0xFF, 0xFF, 0xFF,
        0xB9, 0x57, 0x24, 0x07, 0x1A, 0x4B, 0x8F, 0xD0, 0xF5, 0xEF, 0xCB, 0x73,
        0x00, 0x00, 0x00, 0x00, 0x00, 0x00, 0x00, 0x00, 0x00, 0x00, 0x00, 0x00,
        0x00, 0x00, 0x00, 0x00, 0x00, 0x00, 0x00, 0x00, 0x00, 0x00, 0x00, 0x00,
        0x00, 0x00, 0x00, 0x00, 0x00, 0x00, 0x00, 0x00, 0x00, 0x00, 0x00, 0x00,
        0x00, 0x00, 0x00, 0x00, 0x00, 0x00, 0x00, 0x00, 0x00, 0x00, 0x00, 0x00,
        0x00, 0x00, 0x00, 0x00, 0x00, 0x00, 0x00, 0x00, 0x00, 0x00, 0x00, 0x00,
        0x00, 0x00, 0x00, 0x00, 0x00, 0x00, 0x00, 0x00, 0x00, 0x00, 0x00, 0x00,
        0x00, 0x00, 0x00, 0x00, 0x00, 0x00, 0x00, 0x00, 0x00, 0x00, 0x00, 0x00
    }
};

static inline const uint8_t *
liteos_console_font_glyph(uint8_t character) {
    uint32_t code = character;
    if (code < LITEOS_CONSOLE_FONT_FIRST ||
        code > LITEOS_CONSOLE_FONT_LAST) code = '?';
    return g_liteos_console_font_a8[code -
        LITEOS_CONSOLE_FONT_FIRST];
}

#endif
